,user,language,anger,bitter,fear,joy,peace,power,sad,surprise,tender,tension,transcendence,excerpt,emotion,quadrant
0,0,english,1.0,1.0,1.0,4.0,2.0,5.0,1.0,1.0,2.0,1.0,4.0,joy_1,joy,q1_a_pos_v_pos
1,1,english,1.0,1.0,1.0,5.0,1.0,5.0,1.0,5.0,5.0,5.0,5.0,joy_1,joy,q1_a_pos_v_pos
2,2,english,2.0,2.0,2.0,3.0,2.0,3.0,1.0,3.0,1.0,3.0,1.0,joy_1,joy,q1_a_pos_v_pos
3,3,english,2.0,3.0,1.0,5.0,2.0,3.0,2.0,3.0,2.0,3.0,2.0,joy_1,joy,q1_a_pos_v_pos
4,4,english,1.0,1.0,1.0,5.0,1.0,5.0,1.0,3.0,1.0,1.0,1.0,joy_1,joy,q1_a_pos_v_pos
5,5,english,1.0,1.0,1.0,4.0,3.0,4.0,1.0,1.0,3.0,1.0,1.0,joy_1,joy,q1_a_pos_v_pos
6,6,english,1.0,1.0,1.0,5.0,3.0,4.0,2.0,4.0,4.0,2.0,4.0,joy_1,joy,q1_a_pos_v_pos
7,7,english,3.0,2.0,3.0,3.0,3.0,4.0,3.0,4.0,3.0,4.0,4.0,joy_1,joy,q1_a_pos_v_pos
8,8,english,1.0,1.0,1.0,5.0,1.0,4.0,1.0,1.0,1.0,1.0,1.0,joy_1,joy,q1_a_pos_v_pos
9,9,english,1.0,1.0,1.0,5.0,1.0,5.0,1.0,1.0,1.0,1.0,1.0,joy_1,joy,q1_a_pos_v_pos
10,10,english,3.0,3.0,3.0,3.0,3.0,3.0,3.0,3.0,3.0,3.0,3.0,joy_1,joy,q1_a_pos_v_pos
11,11,english,2.0,2.0,2.0,3.0,2.0,3.0,2.0,2.0,2.0,4.0,1.0,joy_1,joy,q1_a_pos_v_pos
12,12,english,1.0,1.0,1.0,4.0,2.0,4.0,2.0,4.0,2.0,1.0,1.0,joy_1,joy,q1_a_pos_v_pos
13,13,english,1.0,2.0,1.0,5.0,1.0,4.0,2.0,1.0,2.0,1.0,1.0,joy_1,joy,q1_a_pos_v_pos
14,14,english,1.0,1.0,1.0,4.0,1.0,2.0,1.0,2.0,1.0,1.0,1.0,joy_1,joy,q1_a_pos_v_pos
15,15,english,1.0,1.0,1.0,4.0,2.0,4.0,1.0,1.0,1.0,1.0,4.0,joy_1,joy,q1_a_pos_v_pos
16,16,english,1.0,1.0,1.0,5.0,1.0,4.0,1.0,3.0,1.0,1.0,3.0,joy_1,joy,q1_a_pos_v_pos
17,17,english,2.0,2.0,2.0,4.0,3.0,3.0,1.0,3.0,3.0,4.0,1.0,joy_1,joy,q1_a_pos_v_pos
18,18,english,1.0,1.0,1.0,5.0,1.0,5.0,1.0,3.0,1.0,1.0,3.0,joy_1,joy,q1_a_pos_v_pos
19,19,english,1.0,1.0,1.0,5.0,1.0,5.0,1.0,1.0,1.0,1.0,1.0,joy_1,joy,q1_a_pos_v_pos
20,20,english,1.0,1.0,1.0,4.0,3.0,4.0,1.0,3.0,4.0,2.0,3.0,joy_1,joy,q1_a_pos_v_pos
21,21,english,3.0,2.0,1.0,4.0,2.0,4.0,1.0,1.0,1.0,3.0,1.0,joy_1,joy,q1_a_pos_v_pos
22,22,english,2.0,2.0,2.0,4.0,4.0,4.0,2.0,2.0,2.0,1.0,1.0,joy_1,joy,q1_a_pos_v_pos
23,23,english,2.0,2.0,2.0,4.0,3.0,4.0,2.0,3.0,2.0,4.0,3.0,joy_1,joy,q1_a_pos_v_pos
24,24,english,4.0,3.0,1.0,1.0,1.0,4.0,2.0,1.0,1.0,1.0,1.0,joy_1,joy,q1_a_pos_v_pos
25,25,english,1.0,1.0,1.0,4.0,4.0,3.0,2.0,1.0,3.0,3.0,2.0,joy_1,joy,q1_a_pos_v_pos
26,0,english,1.0,1.0,1.0,5.0,2.0,5.0,1.0,1.0,3.0,1.0,4.0,joy_2,joy,q1_a_pos_v_pos
27,1,english,1.0,1.0,1.0,5.0,5.0,5.0,1.0,5.0,5.0,5.0,5.0,joy_2,joy,q1_a_pos_v_pos
28,2,english,1.0,3.0,2.0,5.0,2.0,3.0,2.0,2.0,2.0,2.0,1.0,joy_2,joy,q1_a_pos_v_pos
29,3,english,1.0,1.0,1.0,5.0,1.0,3.0,1.0,3.0,2.0,1.0,3.0,joy_2,joy,q1_a_pos_v_pos
30,4,english,1.0,1.0,1.0,5.0,2.0,3.0,1.0,3.0,1.0,1.0,1.0,joy_2,joy,q1_a_pos_v_pos
31,5,english,1.0,1.0,1.0,5.0,2.0,4.0,1.0,1.0,1.0,1.0,1.0,joy_2,joy,q1_a_pos_v_pos
32,6,english,1.0,1.0,1.0,5.0,2.0,3.0,2.0,4.0,2.0,3.0,3.0,joy_2,joy,q1_a_pos_v_pos
33,7,english,1.0,1.0,1.0,4.0,4.0,1.0,4.0,3.0,2.0,3.0,2.0,joy_2,joy,q1_a_pos_v_pos
34,8,english,1.0,1.0,1.0,5.0,1.0,5.0,1.0,1.0,1.0,1.0,1.0,joy_2,joy,q1_a_pos_v_pos
35,9,english,1.0,1.0,1.0,5.0,5.0,5.0,1.0,3.0,4.0,2.0,2.0,joy_2,joy,q1_a_pos_v_pos
36,10,english,3.0,3.0,3.0,3.0,3.0,3.0,3.0,3.0,3.0,3.0,3.0,joy_2,joy,q1_a_pos_v_pos
37,11,english,2.0,2.0,2.0,3.0,2.0,3.0,2.0,2.0,2.0,2.0,1.0,joy_2,joy,q1_a_pos_v_pos
38,12,english,1.0,1.0,1.0,5.0,3.0,5.0,1.0,1.0,1.0,1.0,1.0,joy_2,joy,q1_a_pos_v_pos
39,13,english,1.0,1.0,1.0,5.0,1.0,4.0,1.0,3.0,1.0,1.0,1.0,joy_2,joy,q1_a_pos_v_pos
40,14,english,1.0,1.0,1.0,4.0,1.0,1.0,1.0,2.0,4.0,1.0,1.0,joy_2,joy,q1_a_pos_v_pos
41,15,english,1.0,1.0,1.0,5.0,3.0,4.0,1.0,1.0,2.0,2.0,2.0,joy_2,joy,q1_a_pos_v_pos
42,16,english,2.0,3.0,2.0,5.0,2.0,5.0,2.0,4.0,3.0,4.0,4.0,joy_2,joy,q1_a_pos_v_pos
43,17,english,1.0,1.0,1.0,5.0,4.0,4.0,1.0,4.0,4.0,4.0,3.0,joy_2,joy,q1_a_pos_v_pos
44,18,english,1.0,1.0,1.0,5.0,1.0,4.0,1.0,3.0,1.0,1.0,2.0,joy_2,joy,q1_a_pos_v_pos
45,19,english,1.0,1.0,1.0,5.0,1.0,5.0,1.0,4.0,1.0,1.0,1.0,joy_2,joy,q1_a_pos_v_pos
46,20,english,1.0,1.0,1.0,5.0,2.0,5.0,1.0,4.0,2.0,2.0,2.0,joy_2,joy,q1_a_pos_v_pos
47,21,english,1.0,1.0,1.0,5.0,3.0,4.0,1.0,4.0,1.0,4.0,4.0,joy_2,joy,q1_a_pos_v_pos
48,22,english,1.0,1.0,1.0,5.0,3.0,4.0,1.0,4.0,4.0,2.0,3.0,joy_2,joy,q1_a_pos_v_pos
49,23,english,2.0,2.0,2.0,4.0,3.0,4.0,2.0,4.0,2.0,4.0,4.0,joy_2,joy,q1_a_pos_v_pos
50,24,english,1.0,1.0,1.0,4.0,2.0,4.0,1.0,4.0,2.0,1.0,4.0,joy_2,joy,q1_a_pos_v_pos
51,25,english,1.0,4.0,2.0,2.0,2.0,3.0,2.0,2.0,2.0,2.0,1.0,joy_2,joy,q1_a_pos_v_pos
52,0,english,1.0,2.0,1.0,4.0,3.0,4.0,1.0,4.0,3.0,3.0,2.0,power_1,power,q1_a_pos_v_pos
53,1,english,1.0,1.0,1.0,4.0,4.0,3.0,3.0,3.0,4.0,3.0,4.0,power_1,power,q1_a_pos_v_pos
54,2,english,3.0,4.0,2.0,3.0,1.0,5.0,3.0,2.0,2.0,2.0,2.0,power_1,power,q1_a_pos_v_pos
55,3,english,4.0,4.0,3.0,2.0,1.0,2.0,3.0,2.0,2.0,3.0,1.0,power_1,power,q1_a_pos_v_pos
56,4,english,5.0,5.0,3.0,1.0,1.0,4.0,1.0,1.0,1.0,4.0,1.0,power_1,power,q1_a_pos_v_pos
57,5,english,1.0,1.0,1.0,3.0,2.0,3.0,1.0,1.0,1.0,1.0,1.0,power_1,power,q1_a_pos_v_pos
58,6,english,3.0,3.0,2.0,4.0,2.0,4.0,2.0,2.0,2.0,4.0,4.0,power_1,power,q1_a_pos_v_pos
59,7,english,3.0,2.0,4.0,3.0,3.0,2.0,4.0,3.0,3.0,2.0,4.0,power_1,power,q1_a_pos_v_pos
60,8,english,1.0,1.0,1.0,4.0,2.0,3.0,1.0,3.0,1.0,1.0,1.0,power_1,power,q1_a_pos_v_pos
61,9,english,1.0,1.0,1.0,4.0,2.0,4.0,1.0,1.0,1.0,4.0,1.0,power_1,power,q1_a_pos_v_pos
62,10,english,3.0,3.0,3.0,3.0,3.0,3.0,3.0,3.0,3.0,3.0,3.0,power_1,power,q1_a_pos_v_pos
63,11,english,4.0,4.0,4.0,2.0,1.0,4.0,4.0,2.0,2.0,4.0,1.0,power_1,power,q1_a_pos_v_pos
64,12,english,2.0,2.0,2.0,2.0,2.0,2.0,2.0,2.0,1.0,1.0,1.0,power_1,power,q1_a_pos_v_pos
65,13,english,1.0,1.0,1.0,4.0,1.0,3.0,1.0,2.0,1.0,2.0,1.0,power_1,power,q1_a_pos_v_pos
66,14,english,2.0,2.0,1.0,2.0,1.0,2.0,1.0,2.0,1.0,1.0,1.0,power_1,power,q1_a_pos_v_pos
67,15,english,3.0,3.0,2.0,2.0,2.0,4.0,2.0,2.0,2.0,2.0,2.0,power_1,power,q1_a_pos_v_pos
68,16,english,2.0,2.0,2.0,3.0,4.0,3.0,2.0,2.0,4.0,3.0,1.0,power_1,power,q1_a_pos_v_pos
69,17,english,3.0,3.0,3.0,4.0,3.0,4.0,2.0,3.0,4.0,4.0,1.0,power_1,power,q1_a_pos_v_pos
70,18,english,2.0,4.0,2.0,3.0,2.0,3.0,3.0,2.0,1.0,2.0,3.0,power_1,power,q1_a_pos_v_pos
71,19,english,2.0,2.0,2.0,4.0,1.0,5.0,1.0,1.0,1.0,1.0,1.0,power_1,power,q1_a_pos_v_pos
72,20,english,1.0,1.0,1.0,4.0,2.0,3.0,1.0,3.0,4.0,2.0,2.0,power_1,power,q1_a_pos_v_pos
73,21,english,4.0,4.0,2.0,4.0,2.0,2.0,4.0,3.0,1.0,2.0,1.0,power_1,power,q1_a_pos_v_pos
74,22,english,2.0,2.0,2.0,4.0,2.0,3.0,2.0,2.0,3.0,2.0,3.0,power_1,power,q1_a_pos_v_pos
75,23,english,2.0,2.0,4.0,2.0,2.0,4.0,4.0,2.0,2.0,4.0,2.0,power_1,power,q1_a_pos_v_pos
76,24,english,1.0,1.0,1.0,4.0,2.0,4.0,1.0,1.0,2.0,2.0,1.0,power_1,power,q1_a_pos_v_pos
77,25,english,1.0,2.0,2.0,4.0,2.0,3.0,1.0,1.0,3.0,3.0,1.0,power_1,power,q1_a_pos_v_pos
78,0,english,4.0,1.0,1.0,2.0,1.0,5.0,3.0,3.0,2.0,2.0,1.0,power_2,power,q1_a_pos_v_pos
79,1,english,2.0,4.0,2.0,3.0,1.0,4.0,2.0,3.0,3.0,3.0,1.0,power_2,power,q1_a_pos_v_pos
80,2,english,3.0,3.0,3.0,3.0,2.0,4.0,2.0,3.0,1.0,3.0,2.0,power_2,power,q1_a_pos_v_pos
81,3,english,4.0,2.0,2.0,3.0,1.0,5.0,1.0,3.0,1.0,4.0,3.0,power_2,power,q1_a_pos_v_pos
82,4,english,5.0,3.0,3.0,1.0,1.0,1.0,1.0,1.0,1.0,1.0,1.0,power_2,power,q1_a_pos_v_pos
83,5,english,3.0,1.0,1.0,3.0,1.0,4.0,1.0,1.0,1.0,4.0,1.0,power_2,power,q1_a_pos_v_pos
84,6,english,3.0,3.0,3.0,5.0,1.0,4.0,2.0,2.0,1.0,4.0,2.0,power_2,power,q1_a_pos_v_pos
85,7,english,3.0,2.0,4.0,3.0,2.0,4.0,3.0,3.0,3.0,2.0,3.0,power_2,power,q1_a_pos_v_pos
86,8,english,3.0,2.0,1.0,3.0,1.0,4.0,1.0,1.0,1.0,1.0,1.0,power_2,power,q1_a_pos_v_pos
87,9,english,4.0,1.0,1.0,5.0,1.0,4.0,4.0,4.0,1.0,4.0,1.0,power_2,power,q1_a_pos_v_pos
88,10,english,4.0,2.0,2.0,2.0,2.0,4.0,2.0,3.0,2.0,3.0,1.0,power_2,power,q1_a_pos_v_pos
89,11,english,4.0,4.0,4.0,2.0,1.0,4.0,2.0,2.0,2.0,4.0,1.0,power_2,power,q1_a_pos_v_pos
90,12,english,1.0,1.0,1.0,5.0,1.0,5.0,1.0,4.0,1.0,1.0,1.0,power_2,power,q1_a_pos_v_pos
91,13,english,3.0,1.0,1.0,3.0,1.0,4.0,1.0,3.0,1.0,2.0,1.0,power_2,power,q1_a_pos_v_pos
92,14,english,2.0,4.0,1.0,1.0,1.0,4.0,1.0,1.0,1.0,1.0,1.0,power_2,power,q1_a_pos_v_pos
93,15,english,4.0,5.0,2.0,2.0,1.0,4.0,2.0,2.0,2.0,4.0,4.0,power_2,power,q1_a_pos_v_pos
94,16,english,1.0,2.0,1.0,5.0,3.0,4.0,1.0,4.0,3.0,3.0,3.0,power_2,power,q1_a_pos_v_pos
95,17,english,3.0,2.0,1.0,4.0,1.0,5.0,3.0,3.0,1.0,4.0,3.0,power_2,power,q1_a_pos_v_pos
96,18,english,5.0,5.0,2.0,4.0,1.0,4.0,1.0,2.0,1.0,2.0,3.0,power_2,power,q1_a_pos_v_pos
97,19,english,2.0,4.0,2.0,4.0,1.0,5.0,2.0,2.0,1.0,1.0,1.0,power_2,power,q1_a_pos_v_pos
98,20,english,1.0,1.0,1.0,4.0,2.0,5.0,1.0,4.0,2.0,2.0,2.0,power_2,power,q1_a_pos_v_pos
99,21,english,3.0,3.0,2.0,4.0,2.0,4.0,2.0,3.0,1.0,4.0,1.0,power_2,power,q1_a_pos_v_pos
100,22,english,4.0,2.0,2.0,4.0,2.0,4.0,1.0,4.0,2.0,2.0,2.0,power_2,power,q1_a_pos_v_pos
101,23,english,2.0,2.0,2.0,3.0,2.0,4.0,2.0,3.0,2.0,4.0,4.0,power_2,power,q1_a_pos_v_pos
102,24,english,2.0,1.0,1.0,1.0,1.0,5.0,1.0,1.0,1.0,1.0,3.0,power_2,power,q1_a_pos_v_pos
103,25,english,4.0,4.0,2.0,1.0,1.0,5.0,4.0,3.0,1.0,5.0,1.0,power_2,power,q1_a_pos_v_pos
104,0,english,4.0,2.0,1.0,4.0,1.0,4.0,3.0,1.0,1.0,2.0,1.0,surprise_1,surprise,q1_a_pos_v_pos
105,1,english,1.0,1.0,1.0,5.0,1.0,5.0,1.0,5.0,1.0,5.0,1.0,surprise_1,surprise,q1_a_pos_v_pos
106,2,english,2.0,2.0,2.0,5.0,1.0,4.0,2.0,4.0,2.0,2.0,1.0,surprise_1,surprise,q1_a_pos_v_pos
107,3,english,4.0,5.0,2.0,4.0,1.0,4.0,3.0,3.0,2.0,3.0,1.0,surprise_1,surprise,q1_a_pos_v_pos
108,4,english,1.0,1.0,1.0,5.0,1.0,1.0,1.0,1.0,1.0,1.0,1.0,surprise_1,surprise,q1_a_pos_v_pos
109,5,english,1.0,1.0,1.0,5.0,1.0,5.0,1.0,1.0,1.0,1.0,1.0,surprise_1,surprise,q1_a_pos_v_pos
110,6,english,2.0,2.0,2.0,5.0,1.0,4.0,2.0,2.0,2.0,4.0,3.0,surprise_1,surprise,q1_a_pos_v_pos
111,7,english,1.0,1.0,4.0,3.0,3.0,4.0,4.0,3.0,5.0,4.0,3.0,surprise_1,surprise,q1_a_pos_v_pos
112,8,english,1.0,1.0,1.0,5.0,1.0,3.0,2.0,1.0,1.0,1.0,1.0,surprise_1,surprise,q1_a_pos_v_pos
113,9,english,1.0,1.0,1.0,5.0,4.0,5.0,1.0,4.0,1.0,3.0,3.0,surprise_1,surprise,q1_a_pos_v_pos
114,10,english,3.0,3.0,3.0,3.0,3.0,3.0,3.0,3.0,3.0,3.0,3.0,surprise_1,surprise,q1_a_pos_v_pos
115,11,english,2.0,2.0,2.0,4.0,2.0,4.0,2.0,3.0,2.0,3.0,1.0,surprise_1,surprise,q1_a_pos_v_pos
116,12,english,1.0,1.0,1.0,5.0,3.0,3.0,1.0,1.0,1.0,1.0,1.0,surprise_1,surprise,q1_a_pos_v_pos
117,13,english,1.0,1.0,1.0,4.0,1.0,2.0,1.0,3.0,1.0,1.0,1.0,surprise_1,surprise,q1_a_pos_v_pos
118,14,english,1.0,1.0,1.0,5.0,1.0,2.0,1.0,1.0,1.0,1.0,1.0,surprise_1,surprise,q1_a_pos_v_pos
119,15,english,4.0,4.0,2.0,2.0,2.0,2.0,2.0,2.0,2.0,2.0,2.0,surprise_1,surprise,q1_a_pos_v_pos
120,16,english,1.0,4.0,1.0,5.0,2.0,4.0,1.0,4.0,3.0,3.0,2.0,surprise_1,surprise,q1_a_pos_v_pos
121,17,english,1.0,2.0,2.0,5.0,3.0,4.0,1.0,4.0,3.0,4.0,2.0,surprise_1,surprise,q1_a_pos_v_pos
122,18,english,4.0,2.0,2.0,5.0,1.0,4.0,1.0,2.0,1.0,4.0,1.0,surprise_1,surprise,q1_a_pos_v_pos
123,19,english,2.0,4.0,2.0,3.0,2.0,4.0,2.0,2.0,1.0,1.0,1.0,surprise_1,surprise,q1_a_pos_v_pos
124,20,english,1.0,1.0,1.0,5.0,2.0,4.0,1.0,4.0,2.0,2.0,2.0,surprise_1,surprise,q1_a_pos_v_pos
125,21,english,1.0,1.0,1.0,5.0,3.0,4.0,2.0,4.0,1.0,4.0,1.0,surprise_1,surprise,q1_a_pos_v_pos
126,22,english,3.0,1.0,1.0,4.0,3.0,4.0,2.0,3.0,2.0,2.0,1.0,surprise_1,surprise,q1_a_pos_v_pos
127,23,english,2.0,2.0,2.0,4.0,2.0,4.0,2.0,2.0,2.0,2.0,2.0,surprise_1,surprise,q1_a_pos_v_pos
128,24,english,5.0,5.0,1.0,1.0,1.0,1.0,1.0,1.0,1.0,4.0,1.0,surprise_1,surprise,q1_a_pos_v_pos
129,25,english,2.0,2.0,2.0,4.0,3.0,3.0,3.0,3.0,2.0,3.0,1.0,surprise_1,surprise,q1_a_pos_v_pos
130,0,english,5.0,5.0,2.0,2.0,1.0,4.0,1.0,1.0,1.0,4.0,2.0,surprise_2,surprise,q1_a_pos_v_pos
131,1,english,1.0,1.0,1.0,3.0,3.0,3.0,3.0,3.0,3.0,3.0,3.0,surprise_2,surprise,q1_a_pos_v_pos
132,2,english,2.0,3.0,2.0,3.0,1.0,4.0,2.0,3.0,1.0,4.0,4.0,surprise_2,surprise,q1_a_pos_v_pos
133,3,english,4.0,4.0,3.0,3.0,1.0,4.0,2.0,2.0,1.0,4.0,2.0,surprise_2,surprise,q1_a_pos_v_pos
134,4,english,1.0,1.0,1.0,3.0,1.0,3.0,1.0,1.0,1.0,1.0,1.0,surprise_2,surprise,q1_a_pos_v_pos
135,5,english,4.0,4.0,1.0,1.0,1.0,4.0,1.0,1.0,1.0,1.0,1.0,surprise_2,surprise,q1_a_pos_v_pos
136,6,english,3.0,3.0,3.0,5.0,1.0,5.0,3.0,3.0,3.0,3.0,3.0,surprise_2,surprise,q1_a_pos_v_pos
137,7,english,3.0,3.0,3.0,3.0,3.0,4.0,3.0,2.0,3.0,4.0,2.0,surprise_2,surprise,q1_a_pos_v_pos
138,8,english,1.0,2.0,1.0,4.0,1.0,3.0,1.0,1.0,1.0,2.0,1.0,surprise_2,surprise,q1_a_pos_v_pos
139,9,english,1.0,1.0,1.0,5.0,1.0,5.0,4.0,1.0,1.0,4.0,1.0,surprise_2,surprise,q1_a_pos_v_pos
140,10,english,3.0,3.0,3.0,3.0,3.0,3.0,3.0,3.0,3.0,3.0,3.0,surprise_2,surprise,q1_a_pos_v_pos
141,11,english,4.0,4.0,2.0,4.0,2.0,4.0,4.0,2.0,3.0,4.0,1.0,surprise_2,surprise,q1_a_pos_v_pos
142,12,english,1.0,1.0,1.0,5.0,1.0,4.0,1.0,4.0,1.0,1.0,1.0,surprise_2,surprise,q1_a_pos_v_pos
143,13,english,1.0,1.0,1.0,4.0,1.0,4.0,1.0,2.0,2.0,1.0,1.0,surprise_2,surprise,q1_a_pos_v_pos
144,14,english,1.0,1.0,1.0,3.0,1.0,4.0,2.0,2.0,1.0,4.0,1.0,surprise_2,surprise,q1_a_pos_v_pos
145,15,english,2.0,2.0,4.0,2.0,2.0,2.0,2.0,2.0,2.0,4.0,1.0,surprise_2,surprise,q1_a_pos_v_pos
146,16,english,3.0,1.0,4.0,5.0,2.0,5.0,2.0,4.0,1.0,4.0,3.0,surprise_2,surprise,q1_a_pos_v_pos
147,17,english,1.0,1.0,1.0,4.0,3.0,3.0,2.0,3.0,3.0,4.0,1.0,surprise_2,surprise,q1_a_pos_v_pos
148,18,english,4.0,4.0,2.0,4.0,1.0,5.0,1.0,1.0,1.0,3.0,2.0,surprise_2,surprise,q1_a_pos_v_pos
149,19,english,4.0,2.0,2.0,4.0,2.0,4.0,2.0,2.0,1.0,1.0,2.0,surprise_2,surprise,q1_a_pos_v_pos
150,20,english,3.0,4.0,2.0,2.0,2.0,5.0,3.0,4.0,2.0,3.0,2.0,surprise_2,surprise,q1_a_pos_v_pos
151,21,english,4.0,2.0,2.0,4.0,1.0,4.0,1.0,3.0,1.0,4.0,1.0,surprise_2,surprise,q1_a_pos_v_pos
152,22,english,3.0,2.0,3.0,4.0,2.0,4.0,4.0,3.0,2.0,4.0,2.0,surprise_2,surprise,q1_a_pos_v_pos
153,23,english,2.0,2.0,2.0,2.0,2.0,4.0,4.0,4.0,2.0,4.0,3.0,surprise_2,surprise,q1_a_pos_v_pos
154,24,english,5.0,4.0,2.0,1.0,1.0,4.0,1.0,1.0,1.0,4.0,1.0,surprise_2,surprise,q1_a_pos_v_pos
155,25,english,2.0,2.0,2.0,2.0,2.0,4.0,4.0,3.0,1.0,4.0,1.0,surprise_2,surprise,q1_a_pos_v_pos
156,0,english,5.0,5.0,5.0,1.0,1.0,5.0,3.0,5.0,1.0,5.0,1.0,anger_1,anger,q2_a_pos_v_neg
157,1,english,3.0,5.0,3.0,4.0,1.0,5.0,1.0,1.0,1.0,3.0,1.0,anger_1,anger,q2_a_pos_v_neg
158,2,english,5.0,3.0,4.0,2.0,1.0,5.0,2.0,4.0,1.0,4.0,1.0,anger_1,anger,q2_a_pos_v_neg
159,3,english,5.0,3.0,4.0,1.0,1.0,5.0,2.0,1.0,1.0,4.0,3.0,anger_1,anger,q2_a_pos_v_neg
160,4,english,5.0,5.0,5.0,1.0,1.0,3.0,1.0,1.0,1.0,5.0,1.0,anger_1,anger,q2_a_pos_v_neg
161,5,english,5.0,5.0,3.0,1.0,1.0,5.0,3.0,1.0,1.0,4.0,1.0,anger_1,anger,q2_a_pos_v_neg
162,6,english,4.0,4.0,4.0,3.0,1.0,5.0,4.0,3.0,1.0,5.0,2.0,anger_1,anger,q2_a_pos_v_neg
163,7,english,3.0,3.0,2.0,3.0,2.0,3.0,3.0,3.0,2.0,4.0,3.0,anger_1,anger,q2_a_pos_v_neg
164,8,english,4.0,4.0,1.0,1.0,1.0,4.0,1.0,1.0,1.0,1.0,1.0,anger_1,anger,q2_a_pos_v_neg
165,9,english,4.0,4.0,4.0,1.0,1.0,5.0,4.0,1.0,1.0,4.0,1.0,anger_1,anger,q2_a_pos_v_neg
166,10,english,3.0,3.0,3.0,3.0,3.0,3.0,3.0,3.0,3.0,3.0,3.0,anger_1,anger,q2_a_pos_v_neg
167,11,english,5.0,5.0,5.0,1.0,1.0,5.0,5.0,1.0,1.0,5.0,1.0,anger_1,anger,q2_a_pos_v_neg
168,12,english,5.0,1.0,1.0,3.0,1.0,4.0,4.0,3.0,1.0,5.0,1.0,anger_1,anger,q2_a_pos_v_neg
169,13,english,4.0,4.0,2.0,3.0,1.0,3.0,1.0,2.0,1.0,4.0,1.0,anger_1,anger,q2_a_pos_v_neg
170,14,english,4.0,3.0,3.0,1.0,1.0,4.0,2.0,1.0,1.0,2.0,1.0,anger_1,anger,q2_a_pos_v_neg
171,15,english,4.0,4.0,2.0,1.0,1.0,4.0,4.0,1.0,1.0,4.0,1.0,anger_1,anger,q2_a_pos_v_neg
172,16,english,5.0,4.0,4.0,2.0,2.0,4.0,1.0,1.0,2.0,4.0,1.0,anger_1,anger,q2_a_pos_v_neg
173,17,english,5.0,5.0,5.0,1.0,1.0,3.0,3.0,3.0,4.0,3.0,1.0,anger_1,anger,q2_a_pos_v_neg
174,18,english,5.0,5.0,5.0,3.0,1.0,4.0,2.0,3.0,1.0,4.0,1.0,anger_1,anger,q2_a_pos_v_neg
175,19,english,5.0,5.0,2.0,1.0,1.0,4.0,1.0,1.0,1.0,5.0,1.0,anger_1,anger,q2_a_pos_v_neg
176,20,english,2.0,2.0,2.0,2.0,2.0,5.0,2.0,4.0,1.0,4.0,2.0,anger_1,anger,q2_a_pos_v_neg
177,21,english,5.0,5.0,2.0,4.0,1.0,5.0,2.0,4.0,1.0,4.0,1.0,anger_1,anger,q2_a_pos_v_neg
178,22,english,5.0,5.0,3.0,2.0,1.0,5.0,4.0,4.0,1.0,4.0,2.0,anger_1,anger,q2_a_pos_v_neg
179,23,english,4.0,4.0,4.0,1.0,1.0,4.0,2.0,2.0,1.0,5.0,2.0,anger_1,anger,q2_a_pos_v_neg
180,24,english,5.0,5.0,5.0,1.0,1.0,1.0,1.0,1.0,1.0,5.0,1.0,anger_1,anger,q2_a_pos_v_neg
181,25,english,5.0,5.0,3.0,1.0,1.0,5.0,4.0,3.0,1.0,5.0,1.0,anger_1,anger,q2_a_pos_v_neg
182,0,english,4.0,3.0,1.0,2.0,1.0,5.0,1.0,1.0,1.0,4.0,1.0,anger_2,anger,q2_a_pos_v_neg
183,1,english,3.0,3.0,3.0,4.0,2.0,4.0,1.0,4.0,3.0,4.0,3.0,anger_2,anger,q2_a_pos_v_neg
184,2,english,4.0,2.0,4.0,3.0,1.0,5.0,2.0,4.0,1.0,4.0,1.0,anger_2,anger,q2_a_pos_v_neg
185,3,english,4.0,2.0,3.0,1.0,1.0,4.0,2.0,3.0,1.0,4.0,2.0,anger_2,anger,q2_a_pos_v_neg
186,4,english,4.0,4.0,3.0,1.0,1.0,5.0,1.0,1.0,1.0,5.0,1.0,anger_2,anger,q2_a_pos_v_neg
187,5,english,5.0,4.0,3.0,1.0,1.0,4.0,4.0,1.0,1.0,4.0,1.0,anger_2,anger,q2_a_pos_v_neg
188,6,english,4.0,4.0,2.0,1.0,1.0,5.0,1.0,1.0,1.0,4.0,1.0,anger_2,anger,q2_a_pos_v_neg
189,7,english,3.0,3.0,3.0,3.0,3.0,3.0,3.0,3.0,3.0,3.0,3.0,anger_2,anger,q2_a_pos_v_neg
190,8,english,4.0,4.0,1.0,1.0,1.0,4.0,1.0,1.0,1.0,2.0,1.0,anger_2,anger,q2_a_pos_v_neg
191,9,english,4.0,1.0,1.0,1.0,1.0,5.0,4.0,4.0,1.0,4.0,1.0,anger_2,anger,q2_a_pos_v_neg
192,10,english,4.0,4.0,3.0,3.0,1.0,4.0,2.0,3.0,2.0,4.0,1.0,anger_2,anger,q2_a_pos_v_neg
193,11,english,5.0,5.0,5.0,1.0,1.0,5.0,5.0,1.0,1.0,5.0,1.0,anger_2,anger,q2_a_pos_v_neg
194,12,english,4.0,1.0,3.0,3.0,1.0,4.0,4.0,2.0,2.0,4.0,2.0,anger_2,anger,q2_a_pos_v_neg
195,13,english,3.0,1.0,1.0,5.0,2.0,5.0,1.0,1.0,1.0,3.0,1.0,anger_2,anger,q2_a_pos_v_neg
196,14,english,4.0,3.0,3.0,1.0,1.0,3.0,2.0,1.0,1.0,3.0,1.0,anger_2,anger,q2_a_pos_v_neg
197,15,english,4.0,3.0,2.0,1.0,1.0,4.0,2.0,2.0,2.0,2.0,2.0,anger_2,anger,q2_a_pos_v_neg
198,16,english,2.0,3.0,3.0,2.0,3.0,4.0,2.0,4.0,3.0,3.0,5.0,anger_2,anger,q2_a_pos_v_neg
199,17,english,4.0,5.0,4.0,2.0,1.0,4.0,3.0,3.0,2.0,5.0,1.0,anger_2,anger,q2_a_pos_v_neg
200,18,english,5.0,5.0,4.0,3.0,1.0,4.0,1.0,2.0,1.0,4.0,2.0,anger_2,anger,q2_a_pos_v_neg
201,19,english,4.0,4.0,1.0,2.0,1.0,4.0,1.0,2.0,1.0,4.0,1.0,anger_2,anger,q2_a_pos_v_neg
202,20,english,2.0,2.0,2.0,2.0,2.0,5.0,1.0,4.0,1.0,2.0,2.0,anger_2,anger,q2_a_pos_v_neg
203,21,english,4.0,4.0,4.0,4.0,2.0,4.0,2.0,2.0,1.0,4.0,1.0,anger_2,anger,q2_a_pos_v_neg
204,22,english,4.0,4.0,2.0,2.0,1.0,5.0,1.0,3.0,2.0,4.0,3.0,anger_2,anger,q2_a_pos_v_neg
205,23,english,3.0,2.0,4.0,2.0,2.0,4.0,2.0,2.0,2.0,5.0,4.0,anger_2,anger,q2_a_pos_v_neg
206,24,english,4.0,3.0,2.0,1.0,1.0,2.0,1.0,1.0,1.0,5.0,1.0,anger_2,anger,q2_a_pos_v_neg
207,25,english,5.0,4.0,4.0,1.0,1.0,4.0,4.0,1.0,1.0,4.0,1.0,anger_2,anger,q2_a_pos_v_neg
208,0,english,1.0,1.0,4.0,2.0,1.0,3.0,2.0,1.0,1.0,5.0,4.0,fear_1,fear,q2_a_pos_v_neg
209,1,english,1.0,1.0,1.0,1.0,4.0,3.0,1.0,1.0,4.0,1.0,4.0,fear_1,fear,q2_a_pos_v_neg
210,2,english,3.0,4.0,1.0,3.0,2.0,3.0,4.0,2.0,1.0,2.0,1.0,fear_1,fear,q2_a_pos_v_neg
211,3,english,2.0,3.0,1.0,2.0,2.0,3.0,2.0,3.0,2.0,5.0,2.0,fear_1,fear,q2_a_pos_v_neg
212,4,english,2.0,2.0,2.0,1.0,1.0,1.0,1.0,1.0,1.0,4.0,1.0,fear_1,fear,q2_a_pos_v_neg
213,5,english,1.0,1.0,1.0,4.0,4.0,4.0,1.0,1.0,1.0,1.0,1.0,fear_1,fear,q2_a_pos_v_neg
214,6,english,1.0,1.0,1.0,4.0,1.0,4.0,1.0,4.0,2.0,4.0,5.0,fear_1,fear,q2_a_pos_v_neg
215,7,english,4.0,3.0,2.0,4.0,3.0,3.0,2.0,3.0,3.0,5.0,4.0,fear_1,fear,q2_a_pos_v_neg
216,8,english,1.0,1.0,1.0,4.0,1.0,2.0,1.0,1.0,1.0,4.0,1.0,fear_1,fear,q2_a_pos_v_neg
217,9,english,4.0,4.0,4.0,1.0,1.0,1.0,4.0,5.0,1.0,5.0,1.0,fear_1,fear,q2_a_pos_v_neg
218,10,english,2.0,2.0,2.0,3.0,2.0,3.0,2.0,3.0,3.0,2.0,2.0,fear_1,fear,q2_a_pos_v_neg
219,11,english,2.0,2.0,4.0,4.0,2.0,4.0,2.0,4.0,2.0,4.0,1.0,fear_1,fear,q2_a_pos_v_neg
220,12,english,1.0,1.0,1.0,4.0,3.0,3.0,1.0,1.0,1.0,1.0,5.0,fear_1,fear,q2_a_pos_v_neg
221,13,english,1.0,1.0,1.0,4.0,1.0,3.0,2.0,1.0,3.0,2.0,1.0,fear_1,fear,q2_a_pos_v_neg
222,14,english,1.0,2.0,1.0,3.0,1.0,1.0,1.0,2.0,1.0,5.0,1.0,fear_1,fear,q2_a_pos_v_neg
223,15,english,1.0,1.0,1.0,4.0,2.0,4.0,2.0,2.0,2.0,4.0,4.0,fear_1,fear,q2_a_pos_v_neg
224,16,english,1.0,2.0,2.0,4.0,2.0,5.0,1.0,4.0,4.0,1.0,4.0,fear_1,fear,q2_a_pos_v_neg
225,17,english,4.0,4.0,5.0,2.0,1.0,3.0,4.0,5.0,2.0,4.0,2.0,fear_1,fear,q2_a_pos_v_neg
226,18,english,1.0,2.0,1.0,3.0,1.0,2.0,2.0,4.0,1.0,4.0,2.0,fear_1,fear,q2_a_pos_v_neg
227,19,english,2.0,2.0,2.0,3.0,1.0,4.0,1.0,4.0,1.0,4.0,1.0,fear_1,fear,q2_a_pos_v_neg
228,20,english,1.0,1.0,1.0,5.0,4.0,4.0,1.0,4.0,4.0,2.0,4.0,fear_1,fear,q2_a_pos_v_neg
229,21,english,3.0,5.0,3.0,4.0,3.0,3.0,2.0,4.0,4.0,4.0,3.0,fear_1,fear,q2_a_pos_v_neg
230,22,english,3.0,3.0,4.0,2.0,3.0,4.0,2.0,3.0,1.0,4.0,4.0,fear_1,fear,q2_a_pos_v_neg
231,23,english,2.0,2.0,2.0,4.0,2.0,4.0,3.0,4.0,2.0,4.0,4.0,fear_1,fear,q2_a_pos_v_neg
232,24,english,1.0,4.0,3.0,1.0,1.0,2.0,1.0,1.0,1.0,5.0,1.0,fear_1,fear,q2_a_pos_v_neg
233,25,english,4.0,4.0,4.0,1.0,1.0,3.0,2.0,2.0,2.0,2.0,1.0,fear_1,fear,q2_a_pos_v_neg
234,0,english,4.0,2.0,1.0,4.0,2.0,5.0,2.0,4.0,1.0,4.0,3.0,fear_2,fear,q2_a_pos_v_neg
235,1,english,2.0,2.0,2.0,4.0,3.0,3.0,3.0,3.0,4.0,3.0,3.0,fear_2,fear,q2_a_pos_v_neg
236,2,english,4.0,3.0,4.0,4.0,1.0,5.0,3.0,4.0,1.0,4.0,1.0,fear_2,fear,q2_a_pos_v_neg
237,3,english,4.0,5.0,3.0,3.0,2.0,3.0,3.0,3.0,1.0,4.0,2.0,fear_2,fear,q2_a_pos_v_neg
238,4,english,5.0,5.0,3.0,1.0,1.0,1.0,1.0,1.0,1.0,5.0,1.0,fear_2,fear,q2_a_pos_v_neg
239,5,english,3.0,1.0,1.0,1.0,1.0,2.0,4.0,1.0,3.0,1.0,1.0,fear_2,fear,q2_a_pos_v_neg
240,6,english,4.0,4.0,2.0,4.0,1.0,4.0,2.0,3.0,2.0,4.0,3.0,fear_2,fear,q2_a_pos_v_neg
241,7,english,2.0,3.0,3.0,3.0,2.0,1.0,2.0,3.0,2.0,5.0,5.0,fear_2,fear,q2_a_pos_v_neg
242,8,english,1.0,2.0,1.0,5.0,1.0,4.0,2.0,1.0,1.0,1.0,1.0,fear_2,fear,q2_a_pos_v_neg
243,9,english,1.0,4.0,1.0,4.0,1.0,5.0,4.0,4.0,1.0,4.0,1.0,fear_2,fear,q2_a_pos_v_neg
244,10,english,4.0,3.0,3.0,3.0,1.0,4.0,2.0,3.0,2.0,2.0,2.0,fear_2,fear,q2_a_pos_v_neg
245,11,english,2.0,4.0,2.0,2.0,2.0,2.0,4.0,2.0,2.0,4.0,1.0,fear_2,fear,q2_a_pos_v_neg
246,12,english,2.0,2.0,4.0,4.0,2.0,4.0,5.0,2.0,3.0,4.0,2.0,fear_2,fear,q2_a_pos_v_neg
247,13,english,3.0,1.0,1.0,5.0,1.0,4.0,4.0,1.0,2.0,1.0,2.0,fear_2,fear,q2_a_pos_v_neg
248,14,english,3.0,3.0,1.0,1.0,1.0,3.0,1.0,1.0,1.0,2.0,1.0,fear_2,fear,q2_a_pos_v_neg
249,15,english,2.0,4.0,2.0,2.0,2.0,4.0,4.0,2.0,2.0,2.0,2.0,fear_2,fear,q2_a_pos_v_neg
250,16,english,2.0,2.0,3.0,4.0,2.0,5.0,4.0,3.0,3.0,3.0,4.0,fear_2,fear,q2_a_pos_v_neg
251,17,english,4.0,4.0,4.0,4.0,4.0,3.0,4.0,3.0,3.0,4.0,4.0,fear_2,fear,q2_a_pos_v_neg
252,18,english,3.0,5.0,2.0,4.0,1.0,4.0,4.0,2.0,1.0,4.0,3.0,fear_2,fear,q2_a_pos_v_neg
253,19,english,4.0,5.0,2.0,3.0,1.0,5.0,4.0,1.0,1.0,1.0,1.0,fear_2,fear,q2_a_pos_v_neg
254,20,english,4.0,4.0,1.0,3.0,2.0,4.0,4.0,4.0,1.0,3.0,2.0,fear_2,fear,q2_a_pos_v_neg
255,21,english,5.0,4.0,3.0,3.0,2.0,4.0,3.0,2.0,1.0,4.0,1.0,fear_2,fear,q2_a_pos_v_neg
256,22,english,2.0,3.0,1.0,4.0,3.0,5.0,3.0,3.0,3.0,3.0,2.0,fear_2,fear,q2_a_pos_v_neg
257,23,english,2.0,2.0,2.0,2.0,2.0,4.0,4.0,2.0,2.0,2.0,4.0,fear_2,fear,q2_a_pos_v_neg
258,24,english,4.0,4.0,1.0,1.0,1.0,4.0,2.0,1.0,1.0,1.0,2.0,fear_2,fear,q2_a_pos_v_neg
259,25,english,3.0,2.0,2.0,3.0,2.0,4.0,2.0,1.0,2.0,4.0,2.0,fear_2,fear,q2_a_pos_v_neg
260,0,english,2.0,2.0,1.0,4.0,1.0,4.0,1.0,1.0,1.0,4.0,2.0,tension_1,tension,q2_a_pos_v_neg
261,1,english,3.0,5.0,3.0,3.0,1.0,4.0,1.0,4.0,3.0,4.0,2.0,tension_1,tension,q2_a_pos_v_neg
262,2,english,3.0,2.0,3.0,2.0,1.0,4.0,3.0,5.0,1.0,4.0,1.0,tension_1,tension,q2_a_pos_v_neg
263,3,english,4.0,4.0,5.0,1.0,1.0,4.0,2.0,3.0,1.0,4.0,2.0,tension_1,tension,q2_a_pos_v_neg
264,4,english,5.0,5.0,5.0,1.0,1.0,5.0,1.0,1.0,1.0,4.0,1.0,tension_1,tension,q2_a_pos_v_neg
265,5,english,5.0,3.0,3.0,1.0,1.0,4.0,4.0,1.0,1.0,3.0,1.0,tension_1,tension,q2_a_pos_v_neg
266,6,english,4.0,4.0,3.0,4.0,1.0,5.0,1.0,4.0,1.0,5.0,2.0,tension_1,tension,q2_a_pos_v_neg
267,7,english,4.0,4.0,4.0,3.0,3.0,2.0,4.0,3.0,2.0,4.0,3.0,tension_1,tension,q2_a_pos_v_neg
268,8,english,3.0,2.0,1.0,5.0,1.0,3.0,1.0,1.0,1.0,1.0,1.0,tension_1,tension,q2_a_pos_v_neg
269,9,english,2.0,2.0,2.0,4.0,1.0,5.0,1.0,4.0,1.0,4.0,1.0,tension_1,tension,q2_a_pos_v_neg
270,10,english,4.0,4.0,3.0,3.0,1.0,4.0,2.0,4.0,1.0,2.0,1.0,tension_1,tension,q2_a_pos_v_neg
271,11,english,5.0,5.0,5.0,1.0,1.0,4.0,4.0,1.0,1.0,5.0,1.0,tension_1,tension,q2_a_pos_v_neg
272,12,english,3.0,1.0,4.0,4.0,1.0,4.0,1.0,1.0,1.0,4.0,1.0,tension_1,tension,q2_a_pos_v_neg
273,13,english,3.0,1.0,1.0,4.0,1.0,4.0,1.0,1.0,1.0,3.0,1.0,tension_1,tension,q2_a_pos_v_neg
274,14,english,2.0,3.0,2.0,2.0,1.0,5.0,1.0,1.0,1.0,3.0,1.0,tension_1,tension,q2_a_pos_v_neg
275,15,english,4.0,3.0,5.0,1.0,1.0,4.0,3.0,1.0,1.0,4.0,1.0,tension_1,tension,q2_a_pos_v_neg
276,16,english,4.0,3.0,3.0,4.0,1.0,4.0,3.0,3.0,1.0,4.0,4.0,tension_1,tension,q2_a_pos_v_neg
277,17,english,4.0,4.0,5.0,4.0,1.0,4.0,3.0,4.0,3.0,4.0,2.0,tension_1,tension,q2_a_pos_v_neg
278,18,english,2.0,2.0,5.0,1.0,1.0,4.0,1.0,2.0,1.0,4.0,1.0,tension_1,tension,q2_a_pos_v_neg
279,19,english,4.0,4.0,5.0,3.0,1.0,4.0,1.0,2.0,1.0,4.0,1.0,tension_1,tension,q2_a_pos_v_neg
280,20,english,4.0,4.0,2.0,1.0,1.0,4.0,2.0,4.0,1.0,5.0,1.0,tension_1,tension,q2_a_pos_v_neg
281,21,english,3.0,4.0,4.0,4.0,1.0,3.0,1.0,1.0,1.0,3.0,1.0,tension_1,tension,q2_a_pos_v_neg
282,22,english,4.0,1.0,2.0,4.0,2.0,5.0,2.0,4.0,2.0,3.0,1.0,tension_1,tension,q2_a_pos_v_neg
283,23,english,3.0,3.0,4.0,2.0,1.0,5.0,3.0,3.0,2.0,5.0,3.0,tension_1,tension,q2_a_pos_v_neg
284,24,english,4.0,4.0,2.0,1.0,1.0,4.0,1.0,1.0,1.0,5.0,1.0,tension_1,tension,q2_a_pos_v_neg
285,25,english,4.0,2.0,2.0,1.0,1.0,5.0,2.0,1.0,1.0,4.0,1.0,tension_1,tension,q2_a_pos_v_neg
286,0,english,2.0,4.0,2.0,1.0,1.0,3.0,3.0,3.0,2.0,4.0,2.0,tension_2,tension,q2_a_pos_v_neg
287,1,english,3.0,3.0,3.0,3.0,3.0,3.0,3.0,3.0,3.0,3.0,3.0,tension_2,tension,q2_a_pos_v_neg
288,2,english,4.0,4.0,2.0,3.0,2.0,3.0,4.0,2.0,3.0,2.0,2.0,tension_2,tension,q2_a_pos_v_neg
289,3,english,3.0,5.0,2.0,2.0,1.0,2.0,2.0,2.0,1.0,3.0,1.0,tension_2,tension,q2_a_pos_v_neg
290,4,english,5.0,5.0,5.0,1.0,1.0,1.0,1.0,1.0,1.0,1.0,1.0,tension_2,tension,q2_a_pos_v_neg
291,5,english,2.0,3.0,3.0,1.0,1.0,1.0,4.0,1.0,1.0,1.0,1.0,tension_2,tension,q2_a_pos_v_neg
292,6,english,3.0,4.0,3.0,3.0,1.0,2.0,4.0,2.0,2.0,4.0,3.0,tension_2,tension,q2_a_pos_v_neg
293,7,english,3.0,4.0,3.0,3.0,2.0,3.0,3.0,2.0,3.0,3.0,2.0,tension_2,tension,q2_a_pos_v_neg
294,8,english,1.0,3.0,1.0,3.0,1.0,2.0,3.0,2.0,2.0,3.0,1.0,tension_2,tension,q2_a_pos_v_neg
295,9,english,1.0,4.0,1.0,5.0,1.0,5.0,1.0,2.0,2.0,2.0,4.0,tension_2,tension,q2_a_pos_v_neg
296,10,english,3.0,2.0,3.0,3.0,2.0,3.0,3.0,3.0,2.0,3.0,2.0,tension_2,tension,q2_a_pos_v_neg
297,11,english,2.0,4.0,3.0,3.0,3.0,3.0,2.0,1.0,1.0,4.0,1.0,tension_2,tension,q2_a_pos_v_neg
298,12,english,2.0,2.0,4.0,2.0,2.0,2.0,3.0,2.0,2.0,4.0,2.0,tension_2,tension,q2_a_pos_v_neg
299,13,english,1.0,2.0,2.0,3.0,2.0,2.0,3.0,2.0,1.0,2.0,2.0,tension_2,tension,q2_a_pos_v_neg
300,14,english,2.0,2.0,3.0,1.0,1.0,1.0,3.0,1.0,1.0,4.0,1.0,tension_2,tension,q2_a_pos_v_neg
301,15,english,2.0,4.0,2.0,1.0,1.0,1.0,4.0,1.0,2.0,2.0,2.0,tension_2,tension,q2_a_pos_v_neg
302,16,english,1.0,4.0,5.0,1.0,2.0,4.0,4.0,3.0,2.0,4.0,3.0,tension_2,tension,q2_a_pos_v_neg
303,17,english,4.0,4.0,5.0,4.0,3.0,4.0,5.0,4.0,4.0,3.0,4.0,tension_2,tension,q2_a_pos_v_neg
304,18,english,5.0,5.0,3.0,2.0,1.0,4.0,2.0,1.0,1.0,4.0,2.0,tension_2,tension,q2_a_pos_v_neg
305,19,english,2.0,4.0,1.0,2.0,3.0,3.0,4.0,1.0,2.0,2.0,1.0,tension_2,tension,q2_a_pos_v_neg
306,20,english,4.0,4.0,1.0,2.0,2.0,2.0,4.0,2.0,2.0,4.0,1.0,tension_2,tension,q2_a_pos_v_neg
307,21,english,4.0,4.0,4.0,2.0,4.0,2.0,4.0,2.0,3.0,4.0,2.0,tension_2,tension,q2_a_pos_v_neg
308,22,english,4.0,5.0,2.0,1.0,1.0,3.0,4.0,1.0,1.0,4.0,1.0,tension_2,tension,q2_a_pos_v_neg
309,23,english,2.0,3.0,3.0,2.0,2.0,3.0,4.0,2.0,3.0,4.0,2.0,tension_2,tension,q2_a_pos_v_neg
310,24,english,4.0,5.0,1.0,1.0,1.0,1.0,2.0,1.0,1.0,4.0,1.0,tension_2,tension,q2_a_pos_v_neg
311,25,english,4.0,4.0,2.0,1.0,1.0,1.0,4.0,2.0,2.0,2.0,1.0,tension_2,tension,q2_a_pos_v_neg
312,0,english,4.0,4.0,1.0,2.0,1.0,2.0,4.0,1.0,2.0,1.0,1.0,bitter_1,bitter,q3_a_neg_v_neg
313,1,english,1.0,1.0,1.0,5.0,5.0,5.0,1.0,4.0,4.0,1.0,4.0,bitter_1,bitter,q3_a_neg_v_neg
314,2,english,3.0,4.0,2.0,2.0,2.0,4.0,3.0,2.0,1.0,3.0,1.0,bitter_1,bitter,q3_a_neg_v_neg
315,3,english,4.0,5.0,2.0,2.0,1.0,2.0,3.0,2.0,2.0,4.0,1.0,bitter_1,bitter,q3_a_neg_v_neg
316,4,english,3.0,3.0,3.0,2.0,1.0,4.0,2.0,1.0,1.0,3.0,1.0,bitter_1,bitter,q3_a_neg_v_neg
317,5,english,4.0,2.0,1.0,4.0,3.0,3.0,4.0,1.0,4.0,1.0,1.0,bitter_1,bitter,q3_a_neg_v_neg
318,6,english,2.0,2.0,1.0,4.0,2.0,2.0,4.0,4.0,4.0,4.0,4.0,bitter_1,bitter,q3_a_neg_v_neg
319,7,english,4.0,3.0,2.0,4.0,3.0,3.0,2.0,4.0,3.0,2.0,4.0,bitter_1,bitter,q3_a_neg_v_neg
320,8,english,1.0,3.0,1.0,4.0,1.0,2.0,3.0,1.0,3.0,1.0,1.0,bitter_1,bitter,q3_a_neg_v_neg
321,9,english,1.0,3.0,1.0,2.0,2.0,2.0,4.0,4.0,1.0,2.0,2.0,bitter_1,bitter,q3_a_neg_v_neg
322,10,english,2.0,1.0,2.0,3.0,3.0,3.0,2.0,3.0,4.0,2.0,3.0,bitter_1,bitter,q3_a_neg_v_neg
323,11,english,2.0,4.0,2.0,2.0,2.0,3.0,4.0,2.0,3.0,3.0,1.0,bitter_1,bitter,q3_a_neg_v_neg
324,12,english,2.0,3.0,1.0,1.0,1.0,1.0,4.0,1.0,1.0,5.0,1.0,bitter_1,bitter,q3_a_neg_v_neg
325,13,english,1.0,2.0,1.0,3.0,3.0,2.0,2.0,3.0,1.0,3.0,2.0,bitter_1,bitter,q3_a_neg_v_neg
326,14,english,1.0,3.0,1.0,2.0,1.0,1.0,1.0,1.0,2.0,1.0,1.0,bitter_1,bitter,q3_a_neg_v_neg
327,15,english,2.0,4.0,2.0,2.0,2.0,2.0,4.0,2.0,2.0,2.0,2.0,bitter_1,bitter,q3_a_neg_v_neg
328,16,english,2.0,4.0,2.0,4.0,4.0,4.0,4.0,1.0,4.0,1.0,2.0,bitter_1,bitter,q3_a_neg_v_neg
329,17,english,2.0,2.0,2.0,4.0,3.0,4.0,3.0,3.0,4.0,3.0,2.0,bitter_1,bitter,q3_a_neg_v_neg
330,18,english,4.0,5.0,2.0,3.0,1.0,1.0,4.0,1.0,2.0,3.0,1.0,bitter_1,bitter,q3_a_neg_v_neg
331,19,english,1.0,2.0,1.0,4.0,3.0,4.0,2.0,1.0,3.0,1.0,2.0,bitter_1,bitter,q3_a_neg_v_neg
332,20,english,3.0,4.0,1.0,2.0,3.0,1.0,4.0,2.0,2.0,4.0,3.0,bitter_1,bitter,q3_a_neg_v_neg
333,21,english,4.0,5.0,2.0,3.0,4.0,3.0,3.0,1.0,3.0,2.0,1.0,bitter_1,bitter,q3_a_neg_v_neg
334,22,english,4.0,2.0,2.0,4.0,2.0,3.0,4.0,2.0,4.0,4.0,2.0,bitter_1,bitter,q3_a_neg_v_neg
335,23,english,2.0,2.0,2.0,3.0,4.0,2.0,4.0,3.0,3.0,2.0,2.0,bitter_1,bitter,q3_a_neg_v_neg
336,24,english,4.0,5.0,1.0,1.0,1.0,1.0,1.0,1.0,1.0,4.0,1.0,bitter_1,bitter,q3_a_neg_v_neg
337,25,english,2.0,4.0,1.0,1.0,1.0,1.0,4.0,1.0,3.0,3.0,1.0,bitter_1,bitter,q3_a_neg_v_neg
338,0,english,1.0,1.0,1.0,4.0,4.0,3.0,2.0,1.0,2.0,1.0,1.0,bitter_2,bitter,q3_a_neg_v_neg
339,1,english,1.0,1.0,1.0,3.0,5.0,3.0,3.0,3.0,1.0,1.0,2.0,bitter_2,bitter,q3_a_neg_v_neg
340,2,english,2.0,3.0,1.0,4.0,4.0,2.0,2.0,3.0,3.0,1.0,3.0,bitter_2,bitter,q3_a_neg_v_neg
341,3,english,2.0,3.0,1.0,1.0,1.0,1.0,4.0,2.0,3.0,2.0,2.0,bitter_2,bitter,q3_a_neg_v_neg
342,4,english,3.0,3.0,3.0,1.0,1.0,1.0,4.0,1.0,1.0,1.0,1.0,bitter_2,bitter,q3_a_neg_v_neg
343,5,english,3.0,4.0,3.0,1.0,3.0,1.0,3.0,1.0,1.0,3.0,1.0,bitter_2,bitter,q3_a_neg_v_neg
344,6,english,3.0,2.0,4.0,2.0,1.0,2.0,3.0,3.0,3.0,4.0,3.0,bitter_2,bitter,q3_a_neg_v_neg
345,7,english,3.0,2.0,4.0,3.0,3.0,3.0,3.0,3.0,3.0,2.0,3.0,bitter_2,bitter,q3_a_neg_v_neg
346,8,english,1.0,2.0,1.0,1.0,2.0,1.0,4.0,1.0,2.0,1.0,1.0,bitter_2,bitter,q3_a_neg_v_neg
347,9,english,1.0,3.0,1.0,4.0,5.0,4.0,4.0,2.0,4.0,4.0,4.0,bitter_2,bitter,q3_a_neg_v_neg
348,10,english,1.0,1.0,1.0,2.0,4.0,2.0,3.0,2.0,4.0,1.0,3.0,bitter_2,bitter,q3_a_neg_v_neg
349,11,english,2.0,2.0,2.0,3.0,4.0,2.0,4.0,2.0,4.0,2.0,1.0,bitter_2,bitter,q3_a_neg_v_neg
350,12,english,1.0,1.0,1.0,1.0,1.0,1.0,4.0,1.0,1.0,1.0,1.0,bitter_2,bitter,q3_a_neg_v_neg
351,13,english,1.0,1.0,1.0,2.0,2.0,1.0,3.0,2.0,2.0,1.0,3.0,bitter_2,bitter,q3_a_neg_v_neg
352,14,english,1.0,2.0,2.0,1.0,1.0,2.0,3.0,3.0,1.0,3.0,2.0,bitter_2,bitter,q3_a_neg_v_neg
353,15,english,2.0,2.0,4.0,2.0,2.0,2.0,4.0,2.0,2.0,2.0,2.0,bitter_2,bitter,q3_a_neg_v_neg
354,16,english,1.0,5.0,2.0,2.0,3.0,4.0,4.0,3.0,4.0,2.0,4.0,bitter_2,bitter,q3_a_neg_v_neg
355,17,english,2.0,1.0,3.0,2.0,4.0,3.0,5.0,3.0,3.0,3.0,1.0,bitter_2,bitter,q3_a_neg_v_neg
356,18,english,2.0,2.0,4.0,1.0,4.0,2.0,5.0,1.0,3.0,1.0,3.0,bitter_2,bitter,q3_a_neg_v_neg
357,19,english,1.0,4.0,1.0,2.0,4.0,1.0,3.0,1.0,4.0,1.0,3.0,bitter_2,bitter,q3_a_neg_v_neg
358,20,english,4.0,4.0,3.0,1.0,1.0,1.0,5.0,4.0,2.0,5.0,2.0,bitter_2,bitter,q3_a_neg_v_neg
359,21,english,2.0,4.0,2.0,3.0,4.0,2.0,3.0,2.0,4.0,2.0,2.0,bitter_2,bitter,q3_a_neg_v_neg
360,22,english,1.0,1.0,1.0,1.0,5.0,3.0,4.0,1.0,4.0,3.0,4.0,bitter_2,bitter,q3_a_neg_v_neg
361,23,english,2.0,2.0,2.0,2.0,3.0,2.0,4.0,2.0,3.0,2.0,2.0,bitter_2,bitter,q3_a_neg_v_neg
362,24,english,1.0,1.0,1.0,1.0,1.0,1.0,1.0,1.0,1.0,4.0,1.0,bitter_2,bitter,q3_a_neg_v_neg
363,25,english,2.0,4.0,2.0,2.0,2.0,2.0,4.0,2.0,2.0,1.0,1.0,bitter_2,bitter,q3_a_neg_v_neg
364,0,english,2.0,2.0,4.0,1.0,3.0,3.0,4.0,1.0,2.0,4.0,1.0,sad_1,sad,q3_a_neg_v_neg
365,1,english,1.0,1.0,1.0,1.0,2.0,2.0,4.0,2.0,2.0,3.0,3.0,sad_1,sad,q3_a_neg_v_neg
366,2,english,1.0,4.0,2.0,3.0,3.0,4.0,4.0,2.0,3.0,2.0,3.0,sad_1,sad,q3_a_neg_v_neg
367,3,english,2.0,4.0,2.0,1.0,3.0,1.0,4.0,2.0,4.0,4.0,2.0,sad_1,sad,q3_a_neg_v_neg
368,4,english,1.0,1.0,1.0,1.0,4.0,1.0,5.0,1.0,4.0,1.0,4.0,sad_1,sad,q3_a_neg_v_neg
369,5,english,1.0,1.0,3.0,3.0,5.0,1.0,4.0,1.0,3.0,1.0,3.0,sad_1,sad,q3_a_neg_v_neg
370,6,english,1.0,1.0,1.0,3.0,2.0,2.0,4.0,1.0,3.0,3.0,3.0,sad_1,sad,q3_a_neg_v_neg
371,7,english,2.0,3.0,2.0,4.0,3.0,2.0,4.0,3.0,5.0,4.0,3.0,sad_1,sad,q3_a_neg_v_neg
372,8,english,1.0,1.0,2.0,1.0,1.0,1.0,4.0,1.0,3.0,3.0,1.0,sad_1,sad,q3_a_neg_v_neg
373,9,english,1.0,2.0,1.0,1.0,3.0,1.0,5.0,1.0,4.0,4.0,3.0,sad_1,sad,q3_a_neg_v_neg
374,10,english,3.0,3.0,3.0,3.0,3.0,3.0,3.0,3.0,3.0,3.0,3.0,sad_1,sad,q3_a_neg_v_neg
375,11,english,2.0,4.0,4.0,2.0,4.0,2.0,4.0,2.0,4.0,4.0,1.0,sad_1,sad,q3_a_neg_v_neg
376,12,english,1.0,1.0,4.0,2.0,3.0,2.0,4.0,2.0,2.0,4.0,3.0,sad_1,sad,q3_a_neg_v_neg
377,13,english,1.0,3.0,1.0,1.0,3.0,1.0,2.0,1.0,3.0,3.0,3.0,sad_1,sad,q3_a_neg_v_neg
378,14,english,1.0,1.0,4.0,1.0,3.0,1.0,4.0,1.0,1.0,3.0,3.0,sad_1,sad,q3_a_neg_v_neg
379,15,english,2.0,3.0,3.0,2.0,4.0,2.0,4.0,1.0,4.0,2.0,4.0,sad_1,sad,q3_a_neg_v_neg
380,16,english,1.0,1.0,3.0,2.0,5.0,2.0,4.0,1.0,3.0,1.0,1.0,sad_1,sad,q3_a_neg_v_neg
381,17,english,2.0,2.0,4.0,1.0,4.0,2.0,4.0,3.0,2.0,4.0,2.0,sad_1,sad,q3_a_neg_v_neg
382,18,english,2.0,3.0,5.0,1.0,4.0,1.0,4.0,1.0,1.0,2.0,3.0,sad_1,sad,q3_a_neg_v_neg
383,19,english,2.0,5.0,4.0,1.0,1.0,2.0,4.0,1.0,2.0,4.0,1.0,sad_1,sad,q3_a_neg_v_neg
384,20,english,2.0,4.0,4.0,1.0,3.0,2.0,5.0,4.0,1.0,4.0,2.0,sad_1,sad,q3_a_neg_v_neg
385,21,english,4.0,4.0,4.0,2.0,3.0,2.0,4.0,2.0,4.0,4.0,4.0,sad_1,sad,q3_a_neg_v_neg
386,22,english,2.0,3.0,4.0,2.0,4.0,3.0,4.0,4.0,2.0,4.0,4.0,sad_1,sad,q3_a_neg_v_neg
387,23,english,2.0,3.0,4.0,2.0,4.0,2.0,5.0,2.0,3.0,4.0,3.0,sad_1,sad,q3_a_neg_v_neg
388,24,english,1.0,3.0,4.0,1.0,1.0,1.0,4.0,1.0,2.0,4.0,1.0,sad_1,sad,q3_a_neg_v_neg
389,25,english,1.0,4.0,3.0,1.0,1.0,1.0,4.0,1.0,1.0,1.0,1.0,sad_1,sad,q3_a_neg_v_neg
390,0,english,1.0,2.0,1.0,1.0,4.0,2.0,4.0,1.0,4.0,3.0,3.0,sad_2,sad,q3_a_neg_v_neg
391,1,english,1.0,1.0,1.0,1.0,5.0,1.0,5.0,1.0,5.0,1.0,5.0,sad_2,sad,q3_a_neg_v_neg
392,2,english,1.0,3.0,1.0,3.0,5.0,3.0,4.0,2.0,5.0,4.0,5.0,sad_2,sad,q3_a_neg_v_neg
393,3,english,1.0,2.0,2.0,1.0,2.0,2.0,4.0,1.0,3.0,3.0,2.0,sad_2,sad,q3_a_neg_v_neg
394,4,english,1.0,1.0,1.0,1.0,5.0,1.0,4.0,1.0,5.0,1.0,5.0,sad_2,sad,q3_a_neg_v_neg
395,5,english,1.0,1.0,1.0,1.0,2.0,1.0,5.0,1.0,3.0,1.0,1.0,sad_2,sad,q3_a_neg_v_neg
396,6,english,1.0,3.0,3.0,4.0,4.0,3.0,4.0,2.0,5.0,3.0,5.0,sad_2,sad,q3_a_neg_v_neg
397,7,english,2.0,3.0,4.0,3.0,4.0,3.0,3.0,4.0,3.0,4.0,3.0,sad_2,sad,q3_a_neg_v_neg
398,8,english,1.0,1.0,1.0,1.0,3.0,1.0,4.0,1.0,4.0,1.0,3.0,sad_2,sad,q3_a_neg_v_neg
399,9,english,1.0,4.0,1.0,5.0,5.0,1.0,4.0,1.0,4.0,1.0,3.0,sad_2,sad,q3_a_neg_v_neg
400,10,english,2.0,1.0,1.0,1.0,4.0,3.0,4.0,1.0,3.0,2.0,4.0,sad_2,sad,q3_a_neg_v_neg
401,11,english,2.0,2.0,2.0,2.0,3.0,1.0,2.0,2.0,4.0,1.0,1.0,sad_2,sad,q3_a_neg_v_neg
402,12,english,1.0,1.0,1.0,3.0,4.0,1.0,4.0,2.0,4.0,1.0,1.0,sad_2,sad,q3_a_neg_v_neg
403,13,english,1.0,3.0,1.0,1.0,2.0,1.0,4.0,1.0,3.0,1.0,3.0,sad_2,sad,q3_a_neg_v_neg
404,14,english,1.0,2.0,2.0,1.0,1.0,1.0,3.0,1.0,4.0,2.0,1.0,sad_2,sad,q3_a_neg_v_neg
405,15,english,2.0,2.0,4.0,1.0,4.0,2.0,4.0,2.0,4.0,2.0,4.0,sad_2,sad,q3_a_neg_v_neg
406,16,english,1.0,4.0,5.0,2.0,4.0,5.0,5.0,3.0,4.0,3.0,4.0,sad_2,sad,q3_a_neg_v_neg
407,17,english,1.0,1.0,2.0,1.0,5.0,2.0,4.0,1.0,3.0,1.0,1.0,sad_2,sad,q3_a_neg_v_neg
408,18,english,1.0,1.0,4.0,2.0,4.0,2.0,5.0,1.0,4.0,1.0,5.0,sad_2,sad,q3_a_neg_v_neg
409,19,english,1.0,2.0,3.0,2.0,3.0,2.0,5.0,1.0,5.0,1.0,1.0,sad_2,sad,q3_a_neg_v_neg
410,20,english,2.0,4.0,2.0,2.0,4.0,3.0,5.0,2.0,5.0,4.0,4.0,sad_2,sad,q3_a_neg_v_neg
411,21,english,2.0,4.0,2.0,2.0,4.0,2.0,4.0,3.0,4.0,2.0,4.0,sad_2,sad,q3_a_neg_v_neg
412,22,english,2.0,3.0,4.0,1.0,5.0,4.0,4.0,2.0,4.0,2.0,4.0,sad_2,sad,q3_a_neg_v_neg
413,23,english,2.0,4.0,2.0,2.0,4.0,4.0,4.0,2.0,4.0,2.0,4.0,sad_2,sad,q3_a_neg_v_neg
414,24,english,1.0,1.0,1.0,1.0,4.0,1.0,5.0,1.0,5.0,1.0,1.0,sad_2,sad,q3_a_neg_v_neg
415,25,english,1.0,4.0,1.0,1.0,1.0,1.0,5.0,1.0,2.0,3.0,1.0,sad_2,sad,q3_a_neg_v_neg
416,0,english,1.0,1.0,1.0,5.0,4.0,5.0,1.0,3.0,5.0,1.0,5.0,peace_1,peace,q4_a_neg_v_pos
417,1,english,1.0,1.0,1.0,1.0,4.0,3.0,3.0,3.0,3.0,3.0,3.0,peace_1,peace,q4_a_neg_v_pos
418,2,english,2.0,2.0,2.0,3.0,4.0,2.0,4.0,3.0,4.0,3.0,3.0,peace_1,peace,q4_a_neg_v_pos
419,3,english,1.0,1.0,1.0,2.0,3.0,2.0,2.0,2.0,4.0,1.0,3.0,peace_1,peace,q4_a_neg_v_pos
420,4,english,1.0,1.0,1.0,2.0,3.0,3.0,3.0,1.0,4.0,1.0,2.0,peace_1,peace,q4_a_neg_v_pos
421,5,english,1.0,1.0,1.0,3.0,4.0,2.0,1.0,1.0,4.0,1.0,1.0,peace_1,peace,q4_a_neg_v_pos
422,6,english,1.0,1.0,1.0,4.0,2.0,2.0,2.0,2.0,4.0,2.0,4.0,peace_1,peace,q4_a_neg_v_pos
423,7,english,2.0,1.0,1.0,3.0,3.0,4.0,2.0,4.0,3.0,4.0,3.0,peace_1,peace,q4_a_neg_v_pos
424,8,english,1.0,1.0,1.0,3.0,3.0,1.0,3.0,1.0,4.0,1.0,1.0,peace_1,peace,q4_a_neg_v_pos
425,9,english,1.0,1.0,2.0,2.0,4.0,2.0,4.0,2.0,4.0,1.0,1.0,peace_1,peace,q4_a_neg_v_pos
426,10,english,3.0,3.0,3.0,3.0,3.0,3.0,3.0,3.0,3.0,3.0,3.0,peace_1,peace,q4_a_neg_v_pos
427,11,english,1.0,1.0,1.0,4.0,2.0,4.0,4.0,2.0,4.0,2.0,1.0,peace_1,peace,q4_a_neg_v_pos
428,12,english,1.0,1.0,1.0,1.0,1.0,3.0,3.0,1.0,1.0,1.0,1.0,peace_1,peace,q4_a_neg_v_pos
429,13,english,1.0,1.0,1.0,3.0,3.0,1.0,3.0,2.0,2.0,1.0,1.0,peace_1,peace,q4_a_neg_v_pos
430,14,english,1.0,1.0,1.0,2.0,1.0,1.0,2.0,1.0,4.0,1.0,1.0,peace_1,peace,q4_a_neg_v_pos
431,15,english,2.0,2.0,2.0,2.0,4.0,2.0,2.0,2.0,5.0,2.0,2.0,peace_1,peace,q4_a_neg_v_pos
432,16,english,1.0,4.0,1.0,2.0,5.0,4.0,4.0,2.0,4.0,1.0,1.0,peace_1,peace,q4_a_neg_v_pos
433,17,english,1.0,1.0,1.0,3.0,4.0,2.0,2.0,2.0,4.0,1.0,2.0,peace_1,peace,q4_a_neg_v_pos
434,18,english,1.0,1.0,1.0,3.0,5.0,1.0,2.0,1.0,5.0,1.0,1.0,peace_1,peace,q4_a_neg_v_pos
435,19,english,1.0,1.0,1.0,4.0,4.0,2.0,1.0,1.0,5.0,1.0,1.0,peace_1,peace,q4_a_neg_v_pos
436,20,english,1.0,1.0,1.0,4.0,4.0,2.0,1.0,1.0,5.0,2.0,4.0,peace_1,peace,q4_a_neg_v_pos
437,21,english,2.0,2.0,2.0,4.0,4.0,3.0,4.0,4.0,4.0,3.0,4.0,peace_1,peace,q4_a_neg_v_pos
438,22,english,1.0,1.0,1.0,2.0,4.0,2.0,4.0,2.0,4.0,1.0,2.0,peace_1,peace,q4_a_neg_v_pos
439,23,english,2.0,2.0,2.0,4.0,4.0,2.0,4.0,2.0,4.0,3.0,3.0,peace_1,peace,q4_a_neg_v_pos
440,24,english,1.0,1.0,1.0,1.0,4.0,2.0,1.0,1.0,5.0,1.0,4.0,peace_1,peace,q4_a_neg_v_pos
441,25,english,1.0,1.0,1.0,4.0,4.0,3.0,2.0,1.0,4.0,2.0,1.0,peace_1,peace,q4_a_neg_v_pos
442,0,english,1.0,2.0,1.0,2.0,3.0,3.0,2.0,1.0,3.0,1.0,1.0,peace_2,peace,q4_a_neg_v_pos
443,1,english,1.0,1.0,1.0,5.0,5.0,4.0,1.0,4.0,4.0,1.0,4.0,peace_2,peace,q4_a_neg_v_pos
444,2,english,1.0,3.0,1.0,3.0,2.0,3.0,3.0,3.0,2.0,3.0,1.0,peace_2,peace,q4_a_neg_v_pos
445,3,english,2.0,2.0,1.0,2.0,2.0,1.0,4.0,1.0,3.0,3.0,2.0,peace_2,peace,q4_a_neg_v_pos
446,4,english,1.0,1.0,1.0,4.0,4.0,1.0,3.0,1.0,4.0,1.0,3.0,peace_2,peace,q4_a_neg_v_pos
447,5,english,1.0,1.0,1.0,2.0,5.0,1.0,1.0,1.0,5.0,1.0,1.0,peace_2,peace,q4_a_neg_v_pos
448,6,english,1.0,1.0,1.0,5.0,3.0,3.0,4.0,3.0,4.0,3.0,3.0,peace_2,peace,q4_a_neg_v_pos
449,7,english,1.0,1.0,1.0,3.0,3.0,2.0,3.0,2.0,3.0,2.0,3.0,peace_2,peace,q4_a_neg_v_pos
450,8,english,1.0,1.0,1.0,4.0,2.0,2.0,3.0,1.0,3.0,1.0,1.0,peace_2,peace,q4_a_neg_v_pos
451,9,english,1.0,1.0,1.0,4.0,4.0,4.0,4.0,1.0,4.0,4.0,3.0,peace_2,peace,q4_a_neg_v_pos
452,10,english,3.0,3.0,3.0,3.0,3.0,3.0,3.0,3.0,3.0,3.0,3.0,peace_2,peace,q4_a_neg_v_pos
453,11,english,1.0,1.0,1.0,4.0,3.0,2.0,3.0,3.0,4.0,2.0,1.0,peace_2,peace,q4_a_neg_v_pos
454,12,english,1.0,1.0,1.0,4.0,4.0,3.0,4.0,2.0,5.0,1.0,1.0,peace_2,peace,q4_a_neg_v_pos
455,13,english,1.0,2.0,1.0,1.0,3.0,1.0,4.0,1.0,3.0,1.0,3.0,peace_2,peace,q4_a_neg_v_pos
456,14,english,1.0,2.0,1.0,2.0,1.0,1.0,3.0,1.0,4.0,1.0,1.0,peace_2,peace,q4_a_neg_v_pos
457,15,english,2.0,4.0,4.0,2.0,2.0,2.0,4.0,2.0,4.0,2.0,2.0,peace_2,peace,q4_a_neg_v_pos
458,16,english,2.0,4.0,2.0,2.0,2.0,5.0,4.0,3.0,2.0,3.0,4.0,peace_2,peace,q4_a_neg_v_pos
459,17,english,1.0,1.0,1.0,4.0,4.0,3.0,4.0,3.0,4.0,2.0,2.0,peace_2,peace,q4_a_neg_v_pos
460,18,english,1.0,1.0,1.0,2.0,4.0,2.0,5.0,2.0,5.0,2.0,3.0,peace_2,peace,q4_a_neg_v_pos
461,19,english,1.0,2.0,1.0,4.0,3.0,2.0,1.0,1.0,4.0,1.0,2.0,peace_2,peace,q4_a_neg_v_pos
462,20,english,4.0,4.0,1.0,4.0,4.0,1.0,4.0,2.0,4.0,2.0,2.0,peace_2,peace,q4_a_neg_v_pos
463,21,english,2.0,4.0,2.0,4.0,4.0,4.0,4.0,4.0,4.0,4.0,4.0,peace_2,peace,q4_a_neg_v_pos
464,22,english,2.0,2.0,2.0,4.0,4.0,4.0,3.0,3.0,4.0,3.0,4.0,peace_2,peace,q4_a_neg_v_pos
465,23,english,2.0,2.0,2.0,4.0,4.0,2.0,4.0,2.0,4.0,2.0,3.0,peace_2,peace,q4_a_neg_v_pos
466,24,english,1.0,1.0,1.0,1.0,2.0,1.0,4.0,1.0,4.0,1.0,1.0,peace_2,peace,q4_a_neg_v_pos
467,25,english,2.0,4.0,3.0,1.0,1.0,3.0,4.0,1.0,1.0,1.0,1.0,peace_2,peace,q4_a_neg_v_pos
468,0,english,1.0,1.0,1.0,4.0,4.0,2.0,1.0,3.0,5.0,1.0,4.0,tender_1,tender,q4_a_neg_v_pos
469,1,english,1.0,1.0,1.0,3.0,5.0,1.0,1.0,3.0,5.0,1.0,1.0,tender_1,tender,q4_a_neg_v_pos
470,2,english,2.0,3.0,1.0,5.0,4.0,3.0,2.0,3.0,4.0,2.0,3.0,tender_1,tender,q4_a_neg_v_pos
471,3,english,1.0,1.0,1.0,2.0,4.0,2.0,1.0,2.0,5.0,1.0,3.0,tender_1,tender,q4_a_neg_v_pos
472,4,english,1.0,1.0,1.0,1.0,5.0,1.0,4.0,1.0,5.0,1.0,3.0,tender_1,tender,q4_a_neg_v_pos
473,5,english,1.0,1.0,1.0,4.0,5.0,1.0,1.0,1.0,5.0,1.0,1.0,tender_1,tender,q4_a_neg_v_pos
474,6,english,1.0,1.0,1.0,4.0,4.0,3.0,1.0,1.0,5.0,3.0,4.0,tender_1,tender,q4_a_neg_v_pos
475,7,english,2.0,1.0,2.0,3.0,3.0,3.0,3.0,2.0,4.0,3.0,3.0,tender_1,tender,q4_a_neg_v_pos
476,8,english,1.0,1.0,1.0,2.0,3.0,1.0,3.0,1.0,3.0,1.0,1.0,tender_1,tender,q4_a_neg_v_pos
477,9,english,1.0,4.0,1.0,4.0,5.0,1.0,4.0,3.0,4.0,1.0,1.0,tender_1,tender,q4_a_neg_v_pos
478,10,english,1.0,1.0,1.0,3.0,4.0,3.0,3.0,2.0,4.0,2.0,4.0,tender_1,tender,q4_a_neg_v_pos
479,11,english,2.0,2.0,2.0,4.0,4.0,4.0,2.0,2.0,4.0,2.0,1.0,tender_1,tender,q4_a_neg_v_pos
480,12,english,1.0,1.0,1.0,3.0,5.0,2.0,3.0,1.0,5.0,1.0,1.0,tender_1,tender,q4_a_neg_v_pos
481,13,english,1.0,2.0,1.0,3.0,4.0,1.0,2.0,1.0,3.0,1.0,2.0,tender_1,tender,q4_a_neg_v_pos
482,14,english,1.0,1.0,1.0,1.0,5.0,1.0,1.0,2.0,3.0,1.0,3.0,tender_1,tender,q4_a_neg_v_pos
483,15,english,2.0,2.0,2.0,2.0,4.0,2.0,2.0,2.0,4.0,2.0,2.0,tender_1,tender,q4_a_neg_v_pos
484,16,english,1.0,1.0,1.0,4.0,4.0,4.0,4.0,3.0,4.0,2.0,1.0,tender_1,tender,q4_a_neg_v_pos
485,17,english,2.0,2.0,1.0,4.0,5.0,3.0,3.0,2.0,4.0,2.0,2.0,tender_1,tender,q4_a_neg_v_pos
486,18,english,1.0,1.0,1.0,4.0,5.0,1.0,2.0,1.0,5.0,1.0,2.0,tender_1,tender,q4_a_neg_v_pos
487,19,english,1.0,1.0,1.0,4.0,4.0,2.0,1.0,1.0,4.0,1.0,5.0,tender_1,tender,q4_a_neg_v_pos
488,20,english,1.0,1.0,1.0,4.0,4.0,2.0,2.0,1.0,4.0,2.0,2.0,tender_1,tender,q4_a_neg_v_pos
489,21,english,1.0,1.0,1.0,3.0,4.0,1.0,1.0,2.0,5.0,1.0,2.0,tender_1,tender,q4_a_neg_v_pos
490,22,english,1.0,1.0,1.0,3.0,5.0,3.0,1.0,1.0,4.0,1.0,2.0,tender_1,tender,q4_a_neg_v_pos
491,23,english,2.0,2.0,2.0,4.0,4.0,3.0,2.0,3.0,4.0,2.0,2.0,tender_1,tender,q4_a_neg_v_pos
492,24,english,1.0,1.0,1.0,5.0,5.0,1.0,1.0,1.0,5.0,1.0,4.0,tender_1,tender,q4_a_neg_v_pos
493,25,english,1.0,1.0,1.0,4.0,4.0,3.0,1.0,1.0,4.0,1.0,4.0,tender_1,tender,q4_a_neg_v_pos
494,0,english,1.0,1.0,1.0,3.0,4.0,5.0,4.0,4.0,5.0,2.0,5.0,tender_2,tender,q4_a_neg_v_pos
495,1,english,1.0,1.0,1.0,4.0,5.0,4.0,1.0,3.0,4.0,3.0,4.0,tender_2,tender,q4_a_neg_v_pos
496,2,english,3.0,3.0,3.0,4.0,2.0,2.0,3.0,3.0,4.0,4.0,2.0,tender_2,tender,q4_a_neg_v_pos
497,3,english,2.0,2.0,1.0,3.0,2.0,2.0,3.0,2.0,3.0,3.0,2.0,tender_2,tender,q4_a_neg_v_pos
498,4,english,1.0,1.0,1.0,5.0,2.0,3.0,1.0,3.0,3.0,1.0,1.0,tender_2,tender,q4_a_neg_v_pos
499,5,english,1.0,1.0,1.0,5.0,3.0,3.0,1.0,1.0,4.0,1.0,1.0,tender_2,tender,q4_a_neg_v_pos
500,6,english,1.0,1.0,1.0,4.0,3.0,3.0,4.0,4.0,4.0,3.0,3.0,tender_2,tender,q4_a_neg_v_pos
501,7,english,1.0,1.0,3.0,4.0,4.0,4.0,3.0,3.0,3.0,3.0,3.0,tender_2,tender,q4_a_neg_v_pos
502,8,english,1.0,1.0,1.0,5.0,1.0,4.0,2.0,1.0,3.0,1.0,1.0,tender_2,tender,q4_a_neg_v_pos
503,9,english,1.0,1.0,1.0,4.0,4.0,3.0,1.0,3.0,4.0,3.0,2.0,tender_2,tender,q4_a_neg_v_pos
504,10,english,2.0,1.0,2.0,3.0,2.0,2.0,1.0,2.0,3.0,1.0,2.0,tender_2,tender,q4_a_neg_v_pos
505,11,english,2.0,4.0,2.0,3.0,2.0,3.0,4.0,2.0,2.0,4.0,1.0,tender_2,tender,q4_a_neg_v_pos
506,12,english,1.0,1.0,1.0,3.0,2.0,2.0,2.0,2.0,2.0,2.0,2.0,tender_2,tender,q4_a_neg_v_pos
507,13,english,1.0,2.0,1.0,1.0,3.0,1.0,3.0,2.0,3.0,1.0,3.0,tender_2,tender,q4_a_neg_v_pos
508,14,english,1.0,1.0,1.0,1.0,1.0,1.0,3.0,1.0,4.0,1.0,1.0,tender_2,tender,q4_a_neg_v_pos
509,15,english,2.0,2.0,4.0,2.0,2.0,2.0,4.0,2.0,4.0,2.0,2.0,tender_2,tender,q4_a_neg_v_pos
510,16,english,1.0,4.0,4.0,4.0,3.0,5.0,4.0,4.0,4.0,2.0,4.0,tender_2,tender,q4_a_neg_v_pos
511,17,english,2.0,2.0,2.0,3.0,4.0,2.0,3.0,1.0,3.0,2.0,2.0,tender_2,tender,q4_a_neg_v_pos
512,18,english,1.0,1.0,1.0,4.0,4.0,2.0,2.0,2.0,4.0,2.0,2.0,tender_2,tender,q4_a_neg_v_pos
513,19,english,1.0,1.0,1.0,4.0,3.0,4.0,1.0,1.0,2.0,1.0,2.0,tender_2,tender,q4_a_neg_v_pos
514,20,english,1.0,1.0,1.0,4.0,4.0,3.0,2.0,2.0,5.0,2.0,3.0,tender_2,tender,q4_a_neg_v_pos
515,21,english,3.0,4.0,2.0,4.0,4.0,4.0,4.0,4.0,4.0,4.0,2.0,tender_2,tender,q4_a_neg_v_pos
516,22,english,2.0,2.0,2.0,3.0,2.0,3.0,4.0,3.0,2.0,3.0,2.0,tender_2,tender,q4_a_neg_v_pos
517,23,english,2.0,2.0,2.0,4.0,4.0,3.0,3.0,3.0,4.0,4.0,3.0,tender_2,tender,q4_a_neg_v_pos
518,24,english,4.0,4.0,2.0,1.0,1.0,4.0,4.0,2.0,2.0,4.0,1.0,tender_2,tender,q4_a_neg_v_pos
519,25,english,1.0,4.0,2.0,2.0,2.0,2.0,4.0,1.0,1.0,3.0,1.0,tender_2,tender,q4_a_neg_v_pos
520,0,english,1.0,1.0,1.0,5.0,4.0,5.0,2.0,1.0,4.0,1.0,5.0,transcendence_1,transcendence,q4_a_neg_v_pos
521,1,english,1.0,1.0,1.0,3.0,5.0,4.0,1.0,3.0,5.0,1.0,3.0,transcendence_1,transcendence,q4_a_neg_v_pos
522,2,english,4.0,4.0,2.0,3.0,1.0,4.0,3.0,3.0,2.0,4.0,2.0,transcendence_1,transcendence,q4_a_neg_v_pos
523,3,english,1.0,1.0,1.0,2.0,2.0,1.0,2.0,1.0,4.0,1.0,5.0,transcendence_1,transcendence,q4_a_neg_v_pos
524,4,english,1.0,1.0,1.0,1.0,4.0,1.0,3.0,1.0,3.0,1.0,5.0,transcendence_1,transcendence,q4_a_neg_v_pos
525,5,english,1.0,1.0,1.0,4.0,5.0,4.0,1.0,1.0,4.0,1.0,1.0,transcendence_1,transcendence,q4_a_neg_v_pos
526,6,english,1.0,1.0,1.0,4.0,3.0,3.0,3.0,4.0,3.0,4.0,4.0,transcendence_1,transcendence,q4_a_neg_v_pos
527,7,english,2.0,3.0,1.0,4.0,3.0,3.0,2.0,4.0,3.0,3.0,2.0,transcendence_1,transcendence,q4_a_neg_v_pos
528,8,english,1.0,1.0,1.0,3.0,3.0,2.0,1.0,1.0,4.0,1.0,1.0,transcendence_1,transcendence,q4_a_neg_v_pos
529,9,english,2.0,2.0,2.0,2.0,2.0,4.0,3.0,1.0,1.0,1.0,1.0,transcendence_1,transcendence,q4_a_neg_v_pos
530,10,english,3.0,3.0,3.0,3.0,3.0,3.0,3.0,3.0,3.0,3.0,3.0,transcendence_1,transcendence,q4_a_neg_v_pos
531,11,english,2.0,4.0,3.0,3.0,2.0,3.0,4.0,2.0,3.0,4.0,1.0,transcendence_1,transcendence,q4_a_neg_v_pos
532,12,english,1.0,1.0,1.0,3.0,4.0,4.0,2.0,2.0,3.0,2.0,1.0,transcendence_1,transcendence,q4_a_neg_v_pos
533,13,english,1.0,1.0,1.0,4.0,1.0,4.0,1.0,3.0,1.0,1.0,1.0,transcendence_1,transcendence,q4_a_neg_v_pos
534,14,english,1.0,2.0,2.0,1.0,3.0,2.0,2.0,1.0,2.0,1.0,3.0,transcendence_1,transcendence,q4_a_neg_v_pos
535,15,english,2.0,2.0,2.0,2.0,2.0,2.0,4.0,2.0,4.0,2.0,2.0,transcendence_1,transcendence,q4_a_neg_v_pos
536,16,english,1.0,1.0,1.0,3.0,3.0,4.0,2.0,2.0,4.0,2.0,4.0,transcendence_1,transcendence,q4_a_neg_v_pos
537,17,english,2.0,2.0,3.0,2.0,2.0,3.0,4.0,3.0,2.0,4.0,2.0,transcendence_1,transcendence,q4_a_neg_v_pos
538,18,english,1.0,1.0,1.0,4.0,4.0,4.0,5.0,1.0,4.0,1.0,4.0,transcendence_1,transcendence,q4_a_neg_v_pos
539,19,english,1.0,1.0,2.0,4.0,3.0,5.0,3.0,1.0,4.0,1.0,5.0,transcendence_1,transcendence,q4_a_neg_v_pos
540,20,english,1.0,1.0,2.0,2.0,4.0,4.0,2.0,2.0,5.0,2.0,5.0,transcendence_1,transcendence,q4_a_neg_v_pos
541,21,english,3.0,4.0,2.0,4.0,4.0,4.0,4.0,2.0,4.0,4.0,4.0,transcendence_1,transcendence,q4_a_neg_v_pos
542,22,english,1.0,1.0,1.0,3.0,4.0,2.0,2.0,2.0,4.0,1.0,3.0,transcendence_1,transcendence,q4_a_neg_v_pos
543,23,english,2.0,2.0,3.0,3.0,4.0,3.0,4.0,3.0,4.0,2.0,3.0,transcendence_1,transcendence,q4_a_neg_v_pos
544,24,english,1.0,1.0,1.0,2.0,2.0,4.0,2.0,1.0,4.0,1.0,4.0,transcendence_1,transcendence,q4_a_neg_v_pos
545,25,english,1.0,1.0,1.0,4.0,3.0,4.0,1.0,3.0,4.0,1.0,5.0,transcendence_1,transcendence,q4_a_neg_v_pos
546,0,english,1.0,1.0,1.0,4.0,3.0,4.0,2.0,3.0,2.0,2.0,4.0,transcendence_2,transcendence,q4_a_neg_v_pos
547,1,english,1.0,1.0,1.0,4.0,4.0,4.0,1.0,4.0,4.0,1.0,3.0,transcendence_2,transcendence,q4_a_neg_v_pos
548,2,english,3.0,3.0,2.0,3.0,3.0,3.0,4.0,4.0,1.0,3.0,2.0,transcendence_2,transcendence,q4_a_neg_v_pos
549,3,english,3.0,3.0,1.0,3.0,2.0,2.0,3.0,2.0,3.0,2.0,2.0,transcendence_2,transcendence,q4_a_neg_v_pos
550,4,english,1.0,1.0,1.0,3.0,1.0,3.0,1.0,1.0,1.0,1.0,1.0,transcendence_2,transcendence,q4_a_neg_v_pos
551,5,english,4.0,4.0,1.0,1.0,3.0,3.0,3.0,1.0,1.0,1.0,1.0,transcendence_2,transcendence,q4_a_neg_v_pos
552,6,english,1.0,1.0,1.0,4.0,1.0,2.0,2.0,3.0,3.0,3.0,3.0,transcendence_2,transcendence,q4_a_neg_v_pos
553,7,english,2.0,2.0,2.0,3.0,3.0,2.0,3.0,2.0,3.0,3.0,3.0,transcendence_2,transcendence,q4_a_neg_v_pos
554,8,english,1.0,1.0,1.0,5.0,3.0,4.0,1.0,1.0,3.0,1.0,1.0,transcendence_2,transcendence,q4_a_neg_v_pos
555,9,english,1.0,2.0,2.0,5.0,4.0,5.0,4.0,2.0,2.0,3.0,1.0,transcendence_2,transcendence,q4_a_neg_v_pos
556,10,english,3.0,3.0,3.0,3.0,3.0,3.0,3.0,3.0,3.0,3.0,3.0,transcendence_2,transcendence,q4_a_neg_v_pos
557,11,english,2.0,4.0,3.0,2.0,2.0,4.0,4.0,2.0,2.0,4.0,1.0,transcendence_2,transcendence,q4_a_neg_v_pos
558,12,english,1.0,1.0,1.0,4.0,2.0,3.0,1.0,3.0,1.0,1.0,4.0,transcendence_2,transcendence,q4_a_neg_v_pos
559,13,english,1.0,1.0,1.0,4.0,3.0,3.0,2.0,2.0,1.0,1.0,1.0,transcendence_2,transcendence,q4_a_neg_v_pos
560,14,english,1.0,2.0,1.0,2.0,1.0,1.0,2.0,2.0,1.0,2.0,1.0,transcendence_2,transcendence,q4_a_neg_v_pos
561,15,english,2.0,2.0,2.0,2.0,4.0,2.0,2.0,2.0,2.0,2.0,2.0,transcendence_2,transcendence,q4_a_neg_v_pos
562,16,english,1.0,2.0,4.0,2.0,2.0,4.0,3.0,2.0,4.0,2.0,3.0,transcendence_2,transcendence,q4_a_neg_v_pos
563,17,english,2.0,2.0,2.0,4.0,4.0,4.0,2.0,4.0,4.0,3.0,2.0,transcendence_2,transcendence,q4_a_neg_v_pos
564,18,english,2.0,4.0,3.0,2.0,1.0,2.0,4.0,2.0,2.0,1.0,1.0,transcendence_2,transcendence,q4_a_neg_v_pos
565,19,english,2.0,2.0,1.0,4.0,1.0,5.0,1.0,3.0,2.0,1.0,4.0,transcendence_2,transcendence,q4_a_neg_v_pos
566,20,english,1.0,1.0,1.0,4.0,4.0,4.0,2.0,2.0,4.0,2.0,4.0,transcendence_2,transcendence,q4_a_neg_v_pos
567,21,english,3.0,4.0,3.0,2.0,2.0,2.0,4.0,2.0,3.0,2.0,1.0,transcendence_2,transcendence,q4_a_neg_v_pos
568,22,english,2.0,4.0,2.0,4.0,2.0,4.0,4.0,3.0,2.0,4.0,3.0,transcendence_2,transcendence,q4_a_neg_v_pos
569,23,english,1.0,1.0,1.0,5.0,5.0,3.0,2.0,2.0,4.0,2.0,2.0,transcendence_2,transcendence,q4_a_neg_v_pos
570,24,english,3.0,2.0,2.0,1.0,1.0,2.0,4.0,1.0,2.0,2.0,1.0,transcendence_2,transcendence,q4_a_neg_v_pos
571,25,english,3.0,4.0,1.0,1.0,1.0,2.0,3.0,1.0,1.0,1.0,1.0,transcendence_2,transcendence,q4_a_neg_v_pos
