participant,demographics1:1,demographics1:2,demographics1:3,demographics2:1,anger_1:1,anger_1:2,anger_1:3,anger_1:4,anger_1:5,anger_1:6,anger_1:7,anger_1:8,anger_1:9,anger_1:10,anger_1:11,anger_1:12,anger_1:13,anger_1:14,anger_2:1,anger_2:2,anger_2:3,anger_2:4,anger_2:5,anger_2:6,anger_2:7,anger_2:8,anger_2:9,anger_2:10,anger_2:11,anger_2:12,anger_2:13,anger_2:14,bitter_1:1,bitter_1:2,bitter_1:3,bitter_1:4,bitter_1:5,bitter_1:6,bitter_1:7,bitter_1:8,bitter_1:9,bitter_1:10,bitter_1:11,bitter_1:12,bitter_1:13,bitter_1:14,bitter_2:1,bitter_2:2,bitter_2:3,bitter_2:4,bitter_2:5,bitter_2:6,bitter_2:7,bitter_2:8,bitter_2:9,bitter_2:10,bitter_2:11,bitter_2:12,bitter_2:13,bitter_2:14,fear_1:1,fear_1:2,fear_1:3,fear_1:4,fear_1:5,fear_1:6,fear_1:7,fear_1:8,fear_1:9,fear_1:10,fear_1:11,fear_1:12,fear_1:13,fear_1:14,fear_2:1,fear_2:2,fear_2:3,fear_2:4,fear_2:5,fear_2:6,fear_2:7,fear_2:8,fear_2:9,fear_2:10,fear_2:11,fear_2:12,fear_2:13,fear_2:14,joy_1:1,joy_1:2,joy_1:3,joy_1:4,joy_1:5,joy_1:6,joy_1:7,joy_1:8,joy_1:9,joy_1:10,joy_1:11,joy_1:12,joy_1:13,joy_1:14,joy_2:1,joy_2:2,joy_2:3,joy_2:4,joy_2:5,joy_2:6,joy_2:7,joy_2:8,joy_2:9,joy_2:10,joy_2:11,joy_2:12,joy_2:13,joy_2:14,peace_1:1,peace_1:2,peace_1:3,peace_1:4,peace_1:5,peace_1:6,peace_1:7,peace_1:8,peace_1:9,peace_1:10,peace_1:11,peace_1:12,peace_1:13,peace_1:14,peace_2:1,peace_2:2,peace_2:3,peace_2:4,peace_2:5,peace_2:6,peace_2:7,peace_2:8,peace_2:9,peace_2:10,peace_2:11,peace_2:12,peace_2:13,peace_2:14,power_1:1,power_1:2,power_1:3,power_1:4,power_1:5,power_1:6,power_1:7,power_1:8,power_1:9,power_1:10,power_1:11,power_1:12,power_1:13,power_1:14,power_2:1,power_2:2,power_2:3,power_2:4,power_2:5,power_2:6,power_2:7,power_2:8,power_2:9,power_2:10,power_2:11,power_2:12,power_2:13,power_2:14,sad_1:1,sad_1:2,sad_1:3,sad_1:4,sad_1:5,sad_1:6,sad_1:7,sad_1:8,sad_1:9,sad_1:10,sad_1:11,sad_1:12,sad_1:13,sad_1:14,sad_2:1,sad_2:2,sad_2:3,sad_2:4,sad_2:5,sad_2:6,sad_2:7,sad_2:8,sad_2:9,sad_2:10,sad_2:11,sad_2:12,sad_2:13,sad_2:14,surprise_1:1,surprise_1:2,surprise_1:3,surprise_1:4,surprise_1:5,surprise_1:6,surprise_1:7,surprise_1:8,surprise_1:9,surprise_1:10,surprise_1:11,surprise_1:12,surprise_1:13,surprise_1:14,surprise_2:1,surprise_2:2,surprise_2:3,surprise_2:4,surprise_2:5,surprise_2:6,surprise_2:7,surprise_2:8,surprise_2:9,surprise_2:10,surprise_2:11,surprise_2:12,surprise_2:13,surprise_2:14,tender_1:1,tender_1:2,tender_1:3,tender_1:4,tender_1:5,tender_1:6,tender_1:7,tender_1:8,tender_1:9,tender_1:10,tender_1:11,tender_1:12,tender_1:13,tender_1:14,tender_2:1,tender_2:2,tender_2:3,tender_2:4,tender_2:5,tender_2:6,tender_2:7,tender_2:8,tender_2:9,tender_2:10,tender_2:11,tender_2:12,tender_2:13,tender_2:14,tension_1:1,tension_1:2,tension_1:3,tension_1:4,tension_1:5,tension_1:6,tension_1:7,tension_1:8,tension_1:9,tension_1:10,tension_1:11,tension_1:12,tension_1:13,tension_1:14,tension_2:1,tension_2:2,tension_2:3,tension_2:4,tension_2:5,tension_2:6,tension_2:7,tension_2:8,tension_2:9,tension_2:10,tension_2:11,tension_2:12,tension_2:13,tension_2:14,transcendence_1:1,transcendence_1:2,transcendence_1:3,transcendence_1:4,transcendence_1:5,transcendence_1:6,transcendence_1:7,transcendence_1:8,transcendence_1:9,transcendence_1:10,transcendence_1:11,transcendence_1:12,transcendence_1:13,transcendence_1:14,transcendence_2:1,transcendence_2:2,transcendence_2:3,transcendence_2:4,transcendence_2:5,transcendence_2:6,transcendence_2:7,transcendence_2:8,transcendence_2:9,transcendence_2:10,transcendence_2:11,transcendence_2:12,transcendence_2:13,transcendence_2:14,goldmsi1:1,goldmsi1:2,goldmsi1:3,goldmsi1:4,goldmsi1:5,goldmsi1:6,goldmsi1:7,goldmsi1:8,goldmsi1:9,goldmsi1:10,goldmsi2:1,goldmsi2:2,goldmsi2:3,goldmsi2:4,goldmsi2:5,goldmsi2:6,goldmsi2:7,goldmsi2:8,goldmsi2:9,goldmsi2:10,goldmsi3:1,goldmsi3:2,goldmsi3:3,goldmsi3:4,goldmsi3:5,goldmsi3:6,goldmsi3:7,goldmsi3:8,goldmsi3:9,goldmsi3:10,goldmsi3:11,goldmsi4:1,goldmsi5:1,goldmsi6:1,goldmsi7:1,goldmsi8:1,goldmsi9:1,goldmsi10:1,goldmsi11:1,act_eng:1,perc_abi:1,mus_trai:1,sing_abi:1,emo:1,mus_soph:1,country,TIME_start,TIME_end,TIME_total
s.26457673-6a29-46c3-9fb8-dacf9ff12d77.txt,España,Español,23,1,,,,,,,,,,,,,,,,,,,,,,,,,,,,,,,,,,,,,,,,,,,1,4,4,1,1,1,5,1,4,,1,1,1,4,,,,,,,,,,,,,,,,,,,,,,,,,,,,,1,1,1,4,1,4,1,1,1,1,1,1,4,4,1,1,1,4,1,4,1,1,1,1,1,,4,4,1,2,1,1,4,1,1,1,4,1,1,1,1,4,,,,,,,,,,,,,,,,,,,,,,,,,,,,,,,,,,,,,,,,,,,,,,,,,,,,,,,,,,,,,,,,,,,,,,,,,,,,,,,,,,,,,,,,,,,,,,,,,,,,,,,,,,,,,,,,,,,,,,,,,,,,,,,,,,,,,,,,,,,,,,,,,,,,,,,,,,,,,,,,,,,,,,,,,,,,,,,,,,,,,,,,,,,,,,,,,,,,,,,,,,,,,,,,,,,,,,,,,,,,,,,,,,,,"ES, Spain",2019-05-29-11-50,,
s.3363f476-0656-4027-b92e-12e4f822a91f.txt,España,Castellano/catalan,37,1,5,4,4,1,1,4,2,2,1,5,2,,1,1,5,,,,2,4,2,2,1,4,2,4,1,2,,4,2,,2,,2,2,2,,2,4,1,2,4,5,4,1,2,1,2,1,1,4,1,,1,2,4,4,4,,1,2,1,,2,5,2,,1,1,4,,,4,2,5,2,2,,,4,4,1,,2,2,2,5,2,4,1,2,,,2,4,5,2,2,2,1,5,1,4,1,1,2,2,2,4,1,2,2,2,2,5,4,,2,2,4,2,,4,1,2,2,4,2,2,2,2,5,2,,2,2,4,1,4,,,2,4,2,4,1,2,2,,2,,1,2,5,4,,,2,4,2,2,2,4,2,4,1,2,2,4,4,2,,2,4,2,,,4,4,1,2,2,5,4,2,2,2,5,2,,,2,4,1,2,2,2,2,5,,4,1,2,,2,2,4,1,2,4,4,4,4,2,4,2,2,2,4,2,,,2,1,1,1,,5,2,,2,4,1,,4,1,2,2,5,2,4,1,4,4,2,,2,2,4,1,4,4,4,2,,1,4,2,2,2,4,2,4,1,2,4,5,,1,1,2,,2,1,4,2,,1,2,2,1,1,,2,4,1,1,,,,4,1,2,4,4,,,2,,,2,2,,2,4,1,2,4,7,2,5,7,7,7,6,7,7,6,6,7,7,5,6,7,1,5,5,4,7,6,6,6,6,7,4,4,3,6,7,6,5,7,7,2,3,3,39,53,43,39,36,99,"ES, Spain",2019-06-05-18-28,2019-06-05-19-15,47
s.c2bb789a-2f7f-4d81-a53b-cf73fa09e176.txt,España,Español/Catalán,18,1,5,1,1,1,1,1,1,4,1,5,1,1,1,1,4,2,1,,1,4,1,,1,5,1,1,1,,1,1,1,2,2,1,,2,2,2,2,2,2,2,1,4,1,2,5,1,4,1,4,1,,,1,,1,1,1,2,1,1,1,1,1,5,4,4,1,,2,4,,,2,4,1,,1,4,4,4,2,4,1,1,1,5,,4,1,4,2,,,4,4,4,2,2,1,4,,4,1,4,1,1,1,,1,2,1,1,1,2,4,2,,1,4,1,,,2,4,1,4,1,2,5,1,,2,4,1,2,,2,5,2,2,1,5,,4,1,,1,1,,4,2,,2,2,2,4,1,4,1,,2,2,2,4,2,4,1,4,2,1,5,1,4,2,,2,4,2,,2,1,,,1,2,2,5,1,4,1,2,2,2,5,1,1,1,5,2,4,1,4,1,4,2,5,4,4,1,1,1,,1,4,1,5,1,1,1,4,1,2,1,1,1,2,5,2,2,1,5,1,4,,2,4,1,4,,1,4,1,4,1,4,2,2,2,2,5,2,2,1,,1,4,1,1,1,4,1,2,1,,1,1,1,1,1,1,4,1,1,1,1,1,1,4,1,4,1,2,5,2,4,2,5,1,,,2,,1,1,1,4,5,2,,2,,1,4,,2,4,7,6,3,4,7,5,7,7,7,5,5,7,7,7,7,7,5,6,5,5,5,7,6,7,7,6,7,5,4,4,6,7,2,7,7,7,5,4,16,52,56,42,36,36,102,"ES, Spain",2019-05-29-12-21,2019-05-29-12-49,28
s.58daa0fb-113f-47d0-bb34-d92e590ef34a.txt,Espanya,Català,26,2,,,,,,,,,,,,,,,,,,,,,,,,,,,,,,,,,,,,,,,,,,,,,,,,,,,,,,,,,,,,,,,,,,,,,,,,,,,,,,,,,,,,,,,,,,,,,,,,,,,,,,,,,,,,,,,,,,,,,,,,,,,,,,,,,,,,,,,,,,,,,,,,,,,,,,,,,,,,,,,,,,,,,,,,,,,,,,,,,,,,,,,,,,,,,,,,,,,,,,,,,,,,,,,,,,,,,,,,,,,,,,,,,,,,,,,,,,,,,,,,,,,,,,,,,,,,,,,,,,,,,,,,,,,,,,,,,,,,,,,,,,,,,,,,,,,,,,,,,,,,,,,,,,,,,,,,,,,,,,,,,,,,,,,,,,,,,,,,,,,,,,,,,,,,,,,,,,"ES, Spain",2019-05-23-22-22,,
s.0a7f8625-57b7-49e0-aa06-92b53b62651d.txt,Colombia,Español,38,1,5,5,5,,1,5,4,1,,5,,2,2,1,4,1,,4,1,5,1,1,1,5,,4,2,1,,,,4,4,,2,2,,,4,4,2,4,,4,4,,4,4,5,1,5,2,,5,5,5,1,,2,1,1,1,4,,4,,4,4,2,4,,1,1,4,1,4,,5,,2,,4,2,4,1,1,1,4,,,1,5,2,2,2,4,2,4,1,1,1,5,4,4,1,4,,,2,5,4,4,2,2,2,2,4,2,4,,4,2,4,,2,4,2,4,,1,4,1,5,,5,2,4,4,4,4,1,1,1,4,1,4,1,4,1,1,1,4,2,4,1,1,1,4,1,4,1,1,1,,,4,2,4,4,4,4,1,1,1,5,,5,5,5,4,2,4,1,4,,1,1,2,4,4,4,4,4,2,2,4,1,1,1,5,1,5,1,5,5,5,5,5,5,5,4,1,1,4,1,4,1,,,4,,2,4,4,1,1,1,4,4,4,2,,4,1,,2,2,4,2,2,2,4,4,,2,2,4,,,2,2,4,4,4,4,4,1,5,1,,1,1,,5,4,4,,4,4,1,1,1,5,,2,2,2,2,2,4,2,,,1,4,1,,1,4,4,4,2,2,4,2,2,1,4,4,,,,,,,5,2,4,7,4,7,7,7,7,7,5,7,5,6,6,6,6,7,7,6,5,5,7,6,7,7,7,5,5,3,5,4,4,7,6,6,7,6,6,2,7,2,58,56,35,38,37,103,"CO, Colombia",2019-05-28-02-38,2019-05-28-03-13,35
s.284bd3e8-7858-4c9f-b5dd-f4bfc42ca243.txt,,,,,,,,,,,,,,,,,,,,,,,,,,,,,,,,,,,,,,,,,,,,,,,,,,,,,,,,,,,,,,,,,,,,,,,,,,,,,,,,,,,,,,,,,,,,,,,,,,,,,,,,,,,,,,,,,,,,,,,,,,,,,,,,,,,,,,,,,,,,,,,,,,,,,,,,,,,,,,,,,,,,,,,,,,,,,,,,,,,,,,,,,,,,,,,,,,,,,,,,,,,,,,,,,,,,,,,,,,,,,,,,,,,,,,,,,,,,,,,,,,,,,,,,,,,,,,,,,,,,,,,,,,,,,,,,,,,,,,,,,,,,,,,,,,,,,,,,,,,,,,,,,,,,,,,,,,,,,,,,,,,,,,,,,,,,,,,,,,,,,,,,,,,,,,,,,,,,,,"GB, United Kingdom",2019-05-29-20-26,,
s.c654a0b2-3eca-4076-a371-d8ca57d471ee.txt,Inglaterra,Español,63,1,,,,,,,,,,,,,,,,,,,,,,,,,,,,,,,,,,,,,,,,,,,,,,,,,,,,,,,,,,,,,,,,,,,,,,,,,,,,,,,,,,,,,,,,,,,,,,,,,,,,,,,,,,,,,,,,,,,,,,,,,,,,,,,,,,,,,,,,,,,,,,,,,,,,,,,,,,,,,,,,,,,,,,,,,,,,,,,,,,,,,,,,,,,,,,,,,,,,,,,,,,,,,,,,,,,,,,,,,,,,,,,,,,,,,,,,,,,,,,,,,,,,,,,,,,,,,,,,,,,,,,,,,,,,,,,,,,,,,,,,,,,,,,,,,,,,,,,,,,,,,,,,,,,,,,,,,,,,,,,,,,,,,,,,,,,,,,,,,,,,,,,,,,,,,,,,,,"GB, United Kingdom",2019-06-05-20-31,,
s.8d16b7fe-1c35-4b54-97b7-68b13b7179f1.txt,España,Catalán/Español,23,2,4,4,5,1,1,5,1,4,1,4,4,1,1,1,4,1,1,2,1,4,1,4,1,5,1,4,1,1,4,5,1,2,4,2,4,1,4,1,1,4,1,2,1,5,1,1,4,1,4,1,5,2,1,5,1,,4,1,,4,2,1,1,1,1,4,1,2,1,,1,4,1,4,,4,4,1,4,1,1,5,1,4,1,1,1,5,1,4,1,4,1,1,,5,5,4,1,1,1,5,1,1,1,2,1,1,1,4,1,4,1,,1,2,5,1,4,1,5,1,1,4,1,4,1,5,1,2,5,1,5,1,5,1,1,5,1,5,2,2,1,5,1,4,1,1,1,1,4,4,1,2,4,,1,4,1,4,2,4,1,1,,4,1,2,4,5,4,1,,1,5,1,5,1,1,4,1,2,2,5,1,1,4,1,5,1,5,1,2,4,1,4,1,1,1,5,1,4,1,4,1,1,1,5,1,2,4,4,1,,1,4,4,4,4,1,1,4,1,1,1,2,1,4,4,1,1,1,5,1,1,5,1,4,1,4,1,4,4,,4,1,5,1,1,4,5,5,1,1,1,4,1,4,1,4,1,5,1,,1,2,4,4,4,1,1,1,4,1,4,4,1,1,1,4,1,1,1,4,4,4,4,1,5,1,4,5,1,,1,1,1,5,,1,1,1,2,1,1,4,1,,6,6,3,6,6,6,7,7,6,7,6,6,5,5,6,7,6,6,5,7,5,7,6,7,5,5,4,6,7,4,7,5,3,4,3,3,1,3,2,47,53,24,42,38,95,"ES, Spain",2019-06-07-09-55,2019-06-07-10-27,32
s.9437a7ec-8bc9-40d2-9056-d48c7f1e63f5.txt,España,Español,28,1,4,4,2,4,1,5,,,1,4,,,1,,4,,,4,1,4,,,2,5,4,4,1,,1,4,1,4,4,,4,,4,2,,4,1,4,1,1,1,2,4,2,,,4,2,,4,1,4,1,1,2,,,4,2,,2,4,4,4,1,,1,2,1,5,4,4,,,4,,,4,4,5,1,1,1,4,,5,1,,4,1,4,4,5,5,1,1,1,5,,4,1,,2,2,,4,4,4,1,,1,4,4,4,4,,5,1,4,4,1,4,1,4,,2,4,,4,4,4,1,4,4,1,5,1,1,1,4,4,4,2,,,2,4,4,1,4,1,1,1,4,2,5,2,,,1,,4,4,4,1,4,4,,4,4,4,,,4,5,4,1,4,1,,1,,4,4,4,,5,1,4,4,,5,1,2,1,4,,,2,,,,,4,,,1,,,4,,4,4,,4,,,4,4,5,1,2,2,4,5,4,,2,4,,4,4,1,4,1,2,1,4,2,4,2,,4,2,,4,4,5,1,1,1,5,,4,1,,,,4,5,5,5,1,4,2,,4,,,,2,2,,4,1,4,1,1,1,4,4,4,2,,4,2,4,4,1,4,1,1,1,4,4,4,,,4,2,,4,1,4,1,1,1,3,4,5,4,5,5,1,4,5,6,1,2,6,6,5,5,5,2,5,6,5,6,4,1,6,3,2,6,4,5,2,1,1,3,6,4,30,44,16,25,28,62,"ES, Spain",2019-05-22-14-15,2019-05-22-14-39,24
s.b4373103-71f5-45bb-9c6f-81b1946ac528.txt,Colombia ,Español ,44,1,1,1,1,2,1,5,1,1,1,1,1,4,1,1,1,1,1,5,1,5,1,1,1,1,1,5,1,1,1,1,1,1,1,1,1,1,1,1,1,1,1,1,1,1,1,1,1,1,1,1,1,1,1,1,1,1,1,1,1,1,1,1,1,1,1,5,1,1,1,1,1,1,1,,1,4,1,1,1,1,1,1,1,1,1,1,1,4,1,,1,1,1,1,1,2,5,1,1,1,1,4,1,1,1,1,1,1,1,,5,1,1,1,1,1,1,1,4,1,1,1,1,1,1,1,1,1,1,1,4,1,1,1,4,1,1,4,4,5,1,1,1,1,4,1,1,1,4,1,1,4,1,1,1,1,1,5,1,5,1,4,1,1,1,5,1,1,1,1,1,1,5,1,1,,2,1,4,,1,1,1,5,1,1,1,1,5,1,1,1,1,1,1,5,1,1,1,4,1,4,1,1,1,1,1,,5,1,,1,1,2,1,4,1,1,1,1,1,2,1,2,1,1,1,1,4,1,1,1,4,1,1,,1,1,1,1,1,1,1,1,1,1,4,1,1,4,1,5,1,1,1,1,1,1,1,1,1,5,1,5,1,1,1,1,1,1,1,1,1,1,1,5,1,5,1,1,1,4,1,1,1,1,4,1,1,1,1,,1,1,1,1,1,1,1,1,1,1,1,1,1,1,1,1,3,5,1,1,7,6,3,5,6,5,3,5,7,5,1,7,5,6,4,5,1,7,7,4,3,5,3,5,2,1,7,2,6,5,1,2,2,5,4,30,53,21,20,34,62,"US, United States",2019-05-23-16-50,2019-05-23-17-48,58
s.c5709cd3-a989-4ffa-9fe9-0c8c1548cc37.txt,España,Castellano,43,2,4,4,4,1,1,4,,1,,4,1,1,1,,2,1,1,1,1,2,1,1,1,2,1,1,1,1,1,4,1,,,,4,2,4,,,4,,5,2,4,1,1,,,5,,4,2,2,5,5,5,1,1,1,2,2,,1,4,,,2,4,1,1,4,4,,2,1,4,4,1,4,4,,4,4,5,1,1,1,,1,2,1,,2,4,,1,1,4,1,1,1,5,2,5,1,4,2,2,2,,5,5,1,4,1,,,2,4,1,,1,1,4,2,5,1,4,1,,4,,4,1,4,2,,2,4,5,2,,1,4,2,4,4,,,,,,2,4,1,1,1,4,1,4,2,1,,4,1,4,1,5,1,4,,2,4,,4,1,,2,,4,2,4,2,4,2,2,,2,4,1,,2,1,1,1,5,1,1,1,4,1,4,1,1,,,2,5,5,5,,2,,,2,4,,2,2,4,1,1,1,4,1,2,1,4,4,,,,,2,2,4,,5,1,,1,2,4,,,1,,1,,1,,5,4,4,1,2,1,4,1,1,1,4,1,,2,2,,,2,1,1,4,,,2,4,4,4,2,5,2,4,1,2,,4,4,2,4,2,2,,2,4,2,2,2,,,,,4,,,2,4,2,,7,5,3,5,5,7,7,6,7,7,6,5,5,6,5,7,7,5,4,7,3,7,7,1,7,6,6,5,6,6,7,7,3,7,7,5,3,4,4,41,53,37,45,37,96,"ES, Spain",2019-05-29-12-27,2019-05-29-14-41,134
s.b67df4ff-11b5-4b67-b02f-5fe07532572a.txt,España,español,43,2,5,5,5,1,1,4,4,4,1,5,4,,1,1,5,5,5,1,1,5,4,4,1,5,5,,,1,1,2,,,1,4,4,,5,2,,5,5,4,2,2,2,2,2,2,5,4,2,2,2,4,4,4,1,1,1,4,1,4,2,5,1,,5,4,1,1,2,,,2,1,4,2,4,,4,5,4,2,4,1,1,1,5,1,4,1,5,1,,5,,4,4,1,1,1,5,1,5,1,4,2,1,4,2,4,4,1,1,1,,5,,4,2,5,1,,,1,4,1,1,1,2,4,4,5,2,5,2,4,2,2,4,1,1,1,4,,5,1,5,,2,4,4,1,2,2,2,2,4,1,4,1,,2,4,,4,2,4,2,5,5,1,,2,5,1,,4,4,,1,4,1,4,1,1,4,4,5,,5,2,4,2,1,4,1,1,1,5,1,5,1,4,1,2,4,4,4,4,,,,2,1,5,2,4,1,,4,2,2,2,1,1,1,2,4,,,,5,1,5,5,5,4,1,,2,2,4,,4,2,,1,2,1,1,4,5,4,4,1,1,4,2,4,1,4,4,4,4,,1,4,4,1,2,,5,2,2,4,4,2,1,4,1,1,1,,4,5,1,5,4,1,5,4,1,2,2,,2,4,1,1,2,,1,4,1,2,1,,3,5,1,5,6,7,7,7,7,5,5,6,7,3,7,7,3,6,6,6,3,5,5,5,3,7,2,7,6,6,7,1,1,7,5,1,1,5,1,45,54,14,35,38,70,"ES, Spain",2019-05-29-11-19,2019-05-29-13-25,126
s.9afb56cb-1ce4-4782-bba0-8709bda58515.txt,España,Español,42,2,5,4,4,2,1,5,,,1,4,1,5,2,,4,,,2,2,5,1,,2,4,2,5,2,,,4,2,4,2,4,,,4,2,2,4,2,4,1,4,1,,4,,4,2,,1,4,,2,4,1,1,1,,1,1,1,5,2,5,2,5,2,,2,,,4,4,2,2,,2,,2,5,2,4,1,1,1,5,2,,1,2,,1,1,,2,4,1,1,1,5,2,2,2,2,2,2,2,4,5,5,1,1,1,,,2,2,1,4,2,2,,2,4,,,2,5,4,,,,4,1,,4,5,5,1,2,1,4,,,2,2,,2,2,4,2,4,2,2,1,,2,4,2,2,,,2,4,2,4,1,5,,1,4,,,,4,2,,4,2,4,1,5,,2,4,,5,2,4,2,2,,2,5,1,1,1,5,,2,1,2,,2,2,5,5,5,2,2,2,4,,2,1,2,,2,2,,2,4,1,4,2,,4,2,,2,4,2,2,2,2,5,2,2,2,4,,4,1,2,4,2,2,,2,5,,2,,,2,,2,2,,4,2,4,2,4,1,2,2,2,,2,,2,,,2,2,2,4,1,,2,,4,,2,2,,2,2,,2,4,1,1,1,,,2,2,1,2,2,2,2,2,4,5,3,4,7,7,7,7,7,7,7,7,6,6,7,5,7,7,7,6,6,5,7,7,5,6,7,7,5,4,3,7,7,6,5,6,6,4,5,3,46,61,43,41,36,107,"ES, Spain",2019-06-05-11-37,2019-06-05-12-10,33
s.f220367a-ac1c-43bd-87cb-14d511664776.txt,Colombia,Español,34,2,,,,2,2,4,,2,2,4,2,2,2,2,2,2,2,,2,4,2,4,4,2,2,4,4,2,2,2,2,2,2,2,2,2,2,2,2,2,2,,2,4,4,2,4,,,2,,2,2,,2,,4,2,,2,1,4,2,4,2,4,2,1,1,2,4,,4,2,2,4,,2,2,4,2,2,2,2,2,2,2,4,4,4,2,4,,2,2,4,4,4,1,1,1,5,,4,1,,,1,,4,4,4,2,2,4,,,,,,,,,4,4,4,2,4,4,2,,2,4,2,2,2,2,2,4,4,2,2,2,2,2,4,,2,2,2,2,2,2,2,2,2,2,4,4,4,2,4,4,2,,4,4,4,2,2,,,4,4,,,4,2,4,4,4,4,2,,4,2,2,2,4,2,4,2,4,2,2,4,2,2,2,4,4,4,2,4,,2,4,4,4,4,2,2,4,,2,4,2,2,2,2,2,2,4,4,1,1,1,4,4,4,2,2,4,2,4,5,5,4,2,2,2,4,4,,2,,4,2,2,2,4,4,4,,,,,,,,,,,,,,2,2,2,4,4,,2,,,2,2,2,2,2,2,2,2,4,4,4,,2,2,2,2,4,2,4,2,2,2,4,4,4,2,4,4,2,4,4,4,4,3,3,3,5,5,5,5,5,6,5,3,3,5,5,4,5,6,5,5,5,4,5,3,5,4,5,3,4,5,5,4,2,4,5,1,3,1,6,2,39,39,19,35,28,71,"CO, Colombia",2019-05-23-19-09,2019-05-23-19-52,43
s.f3289dd0-a7f6-4d8b-9ec1-3f9b69f33c2f.txt,Colombia,Español,39,2,5,5,5,1,1,1,1,1,1,5,1,1,1,1,4,2,,2,2,4,2,,4,4,4,4,4,,2,4,2,2,2,2,4,2,2,2,2,2,2,5,2,,,,4,,2,4,4,,,4,2,4,4,4,2,,,,,,,4,,2,2,,,4,,,,,4,,,4,,2,,4,1,1,1,5,,,1,,,,,4,5,4,2,2,2,4,4,4,2,2,2,2,2,4,4,4,1,1,1,4,5,,,,5,1,1,5,5,4,2,2,2,,4,,2,2,4,2,4,4,4,4,4,4,2,2,2,4,4,2,2,4,2,2,2,4,4,4,,2,2,2,2,2,2,4,2,2,2,4,,4,2,2,4,2,4,2,4,2,4,2,2,2,1,5,1,1,1,1,5,1,5,1,2,2,2,5,2,2,2,4,,,,,,,,4,4,4,4,4,2,2,2,2,4,2,4,2,2,2,2,2,1,1,1,1,4,1,2,4,2,2,2,2,2,5,2,2,2,4,4,2,2,2,4,2,2,4,2,4,5,5,5,1,1,1,1,1,1,5,1,1,1,4,4,5,,1,1,1,4,1,1,4,1,2,2,4,2,2,2,2,4,2,2,2,4,2,2,4,2,4,2,2,2,2,2,2,2,2,2,2,2,2,2,4,5,5,3,3,7,7,7,5,7,6,6,6,6,7,3,6,7,7,5,5,3,7,7,5,5,5,3,3,5,3,7,6,3,3,6,5,1,3,2,33,58,31,36,35,87,"NL, Netherlands",2019-06-05-11-31,2019-06-05-12-09,38
s.8a1ad2b5-015b-4611-a582-830ace44d96b.txt,Inglaterra,Español,63,1,1,1,4,1,1,4,1,1,1,4,1,1,1,2,1,1,1,1,1,4,1,1,1,4,1,1,1,1,1,1,1,,1,1,1,1,4,1,1,1,1,4,,,,,,,,,,,,,,2,1,1,1,,,1,1,1,1,1,,,1,1,2,2,2,2,2,2,2,2,2,4,2,,2,,1,1,1,4,1,1,1,1,1,1,1,4,4,4,1,1,1,5,1,1,1,1,1,1,1,5,5,4,1,1,1,1,4,1,1,1,1,1,1,4,,4,1,1,1,4,4,1,1,1,4,1,1,4,5,5,1,1,1,,1,1,1,1,1,1,1,,1,4,4,1,1,1,1,1,1,1,1,4,1,1,1,2,1,1,1,1,4,1,1,1,1,1,1,,1,4,1,1,1,1,4,1,1,1,4,1,1,,1,4,2,2,2,5,2,5,2,2,4,2,2,5,5,4,1,1,1,4,1,1,1,1,4,1,1,4,4,4,1,1,1,4,4,1,1,1,4,1,1,,1,4,1,1,1,4,1,1,1,1,4,1,1,,1,5,1,1,1,1,1,1,1,1,1,4,1,1,1,2,1,1,1,1,1,1,1,1,1,4,1,,1,,1,1,1,1,1,1,1,1,4,1,1,4,1,4,1,1,1,4,1,4,1,1,1,1,1,4,1,1,4,1,3,4,4,5,5,4,7,2,5,4,5,1,4,5,5,2,2,7,1,5,7,7,5,5,3,3,1,1,7,1,1,3,5,4,1,2,1,31,42,16,23,29,60,"GB, United Kingdom",2019-06-06-16-44,2019-06-06-20-10,206
s.93409f7d-efcb-4db4-922b-b42cfee053cf.txt,Colombia,Español,32,2,5,5,4,2,1,4,1,2,1,5,2,2,1,1,5,5,4,2,1,4,4,2,2,4,,4,2,,2,4,1,1,2,,4,2,4,1,2,4,1,4,2,4,,2,2,2,5,1,4,2,,5,1,,2,4,1,2,4,2,4,2,4,,,4,2,,5,4,4,4,1,4,4,2,2,4,1,4,2,4,2,2,1,4,2,,2,2,,2,4,,4,4,1,1,1,5,2,4,1,4,2,1,2,4,5,5,2,4,1,2,2,2,4,1,5,2,4,5,2,5,1,4,2,2,2,4,5,2,5,2,4,5,5,5,4,4,1,4,,2,4,1,,1,2,4,1,,2,2,2,,,4,,,2,4,4,4,,4,1,4,1,1,4,2,5,2,4,4,4,4,2,4,2,4,4,1,,1,5,2,5,2,,2,2,4,2,4,1,5,2,5,1,4,2,2,2,5,5,5,4,4,2,5,2,4,2,4,2,,1,2,4,4,1,1,1,4,4,2,1,2,4,1,5,4,2,5,2,4,4,4,2,4,1,1,4,4,2,,2,5,4,,,2,2,4,1,2,2,4,4,4,,4,4,4,4,,,2,4,2,4,2,1,,2,4,2,4,2,2,2,1,5,2,4,2,4,2,2,4,2,,2,4,,,4,1,4,2,4,5,2,4,3,5,3,3,5,5,5,6,7,2,6,5,5,5,4,6,3,6,5,5,3,6,5,5,3,6,2,5,3,2,6,1,3,5,2,3,4,4,3,38,49,20,21,34,64,"CO, Colombia",2019-06-03-04-09,2019-06-03-04-45,36
s.c3eeb89f-f064-49d2-bb63-0b556b1986fc.txt,Colombia,Español,29,1,5,,2,,1,4,2,,2,4,1,2,2,2,5,4,,4,,4,,,2,,2,,2,2,,,,,4,,4,,,4,2,,1,2,2,,,4,2,4,,,2,,4,2,1,2,2,2,,2,,4,1,,2,4,,,2,2,,,4,4,2,,2,4,,4,,4,,,,,,,,,,,,,,,,,2,2,,5,,4,,,4,4,,4,4,,,,,4,,,2,4,,,2,,2,2,2,4,,2,4,1,,,5,,2,4,5,5,,,,,,,,,,,,,,,,,,,,,,,,,,,,,2,,,,5,4,,,4,,,,,2,,2,,1,,2,1,,,2,2,2,2,2,2,,2,5,,5,1,,2,4,,2,2,,,,,,,,,,,,,,,,,2,,,4,,2,,,2,4,,2,2,,2,4,,2,4,,,2,4,,,2,,,2,,4,,,4,,2,4,,2,2,2,4,,2,2,2,4,5,,2,2,4,2,2,2,2,4,,,4,4,,,2,,,2,2,2,2,,,5,4,,4,4,,,4,,,2,,,,,,,,,,,,,,,,,,,,,,,,,,,,,,,,,,,,,,,,,,,,,,"CO, Colombia",2019-05-27-19-03,,
s.7bdfc3a3-ed59-4a31-ba15-1fb5014a5a69.txt,COLOMBIA,ESPAÑOL,72,1,,2,2,1,1,,4,2,2,,1,1,1,1,2,1,1,,4,,2,2,2,2,2,,1,1,2,,1,2,2,2,,1,2,2,2,1,1,1,1,4,1,2,,2,4,1,1,1,2,1,1,1,2,,1,2,2,2,4,1,2,2,1,1,1,1,1,1,1,5,,,1,1,1,1,1,4,1,1,2,2,1,,,2,,1,,2,2,1,1,1,1,1,1,5,,,2,1,,2,1,4,1,1,2,,1,2,,2,,1,,2,,4,1,1,1,5,1,,,1,4,1,,1,1,4,5,5,2,2,1,,2,,2,1,2,,2,,1,1,2,1,1,,,2,1,1,2,2,1,,1,1,1,2,1,,4,,,1,4,2,2,,1,1,1,4,1,2,2,1,4,2,4,,1,,1,4,1,1,1,5,4,4,1,2,,2,4,5,1,1,1,1,1,4,,,2,2,4,1,2,,1,1,1,1,1,2,4,2,,1,,2,,,1,1,2,,1,2,2,2,4,1,4,2,,2,1,5,2,2,1,,2,,2,1,2,2,1,1,1,1,2,1,1,2,2,2,,,,2,2,1,1,1,1,2,1,2,,1,,1,,2,1,,1,1,1,2,1,2,4,2,4,1,,2,,,1,1,1,1,1,4,7,6,1,5,4,1,2,5,5,1,5,4,2,5,3,2,1,6,1,2,1,5,1,5,1,1,6,1,1,3,1,1,1,1,1,24,42,7,11,20,33,"CO, Colombia",2019-06-08-21-23,2019-06-08-22-15,52
s.2c0b4887-9aaa-4d57-a823-32abae6adb28.txt,España,Catalan,26,1,,,,,,,,,,,,,,,,,,,,,,,,,,,,,,,,,,,,,,,,,,,,,,,,,,,,,,,,,,,,,,,,,,,,,,,,,,,,,,,,,,,,,,,,,,,,,,,,,,,,,,,,,,,,,,,,,,,,,,,,,,,,,,,,,,,,,,,,,,,,,,,,,,,,,,,,,,,,,,,,,,,,,,,,,,,,,,,,,,,,,,,,,,,,,,,,,,,,,,,,,,,,,,,,,,,,,,,,,,,,,,,,,,,,,,,,,,,,,,,,,,,,,,,,,,,,,,,,,,,,,,,,,,,,,,,,,,,,,,,,,,,,,,,,,,,,,,,,,,,,,,,,,,,,,,,,,,,,,,,,,,,,,,,,,,,,,,,,,,,,,,,,,,,,,,,,,,"US, United States",2019-05-24-04-55,,
s.cc59ef7f-7ab0-4906-8283-73ce6767cef0.txt,Mexico,Español,36,2,5,5,5,1,1,,4,4,1,4,,1,1,1,5,5,,1,1,4,,2,1,4,,1,1,1,1,1,1,,4,2,4,2,2,1,1,,1,4,1,1,1,2,4,2,4,2,2,1,,1,1,,1,1,2,,1,2,1,5,1,4,1,4,1,1,4,,1,2,1,4,4,2,1,4,,2,1,,1,1,1,5,,2,1,2,,1,1,2,1,4,1,1,1,5,,1,1,1,2,1,1,,5,5,1,1,1,4,,2,,2,,2,1,2,1,4,1,1,1,,4,2,4,2,4,1,2,4,5,5,1,1,1,4,,2,1,1,1,1,1,,1,4,4,1,1,4,1,4,1,2,2,,2,,1,2,1,,1,1,4,2,5,,4,2,,,1,2,1,4,1,1,2,2,5,,2,2,4,,1,4,1,1,1,5,,2,1,2,2,2,1,4,1,,1,1,1,4,2,4,1,,1,,1,,4,4,1,1,1,,4,2,2,2,4,1,,1,1,4,1,1,1,,4,2,4,2,1,1,1,,2,5,4,1,2,,1,4,1,,2,4,1,1,1,2,4,,2,2,1,2,,1,1,4,1,1,1,,1,1,1,2,4,,4,,2,,4,,1,,1,1,1,5,4,,2,2,,1,2,,1,,4,6,3,3,7,7,5,7,7,4,1,7,7,7,7,7,1,7,7,7,6,7,7,4,1,7,7,7,5,4,7,7,6,4,7,7,2,2,21,44,57,43,23,41,87,"SG, Singapore",2019-05-28-03-53,2019-05-28-04-19,26
s.d2a51b07-40d2-45ba-8d86-b2b864c42639.txt,España,Castellano,20,2,,,,,,,,,,,,,,,,,,,,,,,,,,,,,,,,,,,,,,,,,,,,,,,,,,,,,,,,,,,,,,,,,,,,,,,,,,,,,,,,,,,,,,,,,,,,,,,,,,,,,,,,,,,,,,,,,,,,,,,,,,,,,,,,,,,,,,,,,,,,,,,,,,,,,,,,,,,,,,,,,,,,,,,,,,,,,,,,,,,,,,,,,,,,,,,,,,,,,,,,,,,,,,,,,,,,,,,,,,,,,,,,,,,,,,,,,,,,,,,,,,,,,,,,,,,,,,,,,,,,,,,,,,,,,,,,,,,,,,,,,,,,,,,,,,,,,,,,,,,,,,,,,,,,,,,,,,,,,,,,,,,,,,,,,,,,,,,,,,,,,,,,,,,,,,,,,,"ES, Spain",2019-05-29-12-08,,
s.6d8cc824-cf0d-4b8c-877d-c41b9475d955.txt,Bolivia,Espanol,34,1,5,5,5,1,1,4,1,1,1,5,1,,1,2,5,,,1,1,5,2,2,1,4,1,4,1,,2,2,2,,2,2,4,4,2,,1,,1,5,1,1,1,2,4,2,5,2,4,2,2,4,1,5,2,2,2,,2,4,2,4,2,5,2,4,1,1,2,4,,2,1,,5,2,2,4,1,4,1,5,2,2,2,5,,4,2,2,2,4,,5,5,5,1,1,2,5,2,,2,4,1,4,1,5,5,5,2,4,2,2,2,2,,,4,2,2,,1,5,1,2,1,2,2,2,4,2,4,2,1,,1,5,1,2,2,4,,4,2,4,2,,1,4,1,5,,,2,,2,4,,,2,4,1,4,1,5,,4,5,2,2,2,4,2,2,5,1,,1,5,1,1,4,2,2,2,5,4,4,,1,,1,5,2,2,2,5,,,2,2,2,,2,4,1,5,1,1,1,,1,4,,2,1,,2,,1,5,2,2,2,4,5,2,,2,4,2,1,,1,5,1,2,2,4,2,2,,,4,2,1,,1,5,4,,2,,1,5,2,4,1,4,1,4,5,5,4,4,5,1,2,2,,4,1,4,1,2,1,5,1,2,2,,1,2,4,2,4,2,4,,1,5,2,4,2,,2,2,4,2,2,4,1,4,2,5,4,5,1,1,5,6,6,6,7,5,5,5,7,7,4,4,5,6,5,5,3,7,7,7,4,4,3,5,3,3,7,5,7,5,5,5,4,3,5,38,52,36,27,33,83,"US, United States",2019-05-28-21-30,2019-05-28-22-10,40
s.20e4a4e4-c9f7-4583-8eb7-e3394de70f35.txt,colombia,espanol,41,1,4,4,5,2,1,4,1,4,2,5,4,1,2,1,4,4,4,4,1,4,2,,,4,,,2,1,2,2,2,,,,,,2,2,2,2,2,2,,,2,,,2,4,,4,,2,2,2,,2,4,2,,2,2,2,4,2,4,2,,2,2,4,4,4,4,2,4,,2,4,4,,,2,,2,2,2,4,4,4,2,,4,2,,,2,,2,2,2,4,2,4,2,4,,2,2,4,4,,1,2,,4,4,2,,2,5,2,,4,2,4,2,2,2,4,4,,4,2,4,2,,4,4,4,2,,2,,2,,,,4,,2,2,2,2,4,2,2,4,2,4,2,4,2,,2,,2,2,2,4,4,2,,2,4,2,,4,4,,2,,2,4,2,,,2,4,2,5,,2,2,2,2,2,,2,4,2,4,2,4,,4,2,4,4,,,,,,,4,2,,,4,2,,2,1,2,2,2,5,4,,2,2,4,2,,,2,4,2,,,4,2,4,,,4,4,,4,2,4,,,2,2,2,4,2,,2,,2,2,2,2,,4,,2,2,2,,2,4,4,,2,2,2,2,,,4,4,,,2,,2,4,,2,4,2,2,2,4,,,2,2,2,2,2,,2,2,3,4,3,3,5,5,3,3,5,3,3,5,5,3,5,5,4,5,5,5,3,5,5,4,3,5,2,5,3,3,5,1,2,2,4,4,2,1,4,29,43,18,22,29,59,"JP, Japan",2019-06-05-03-03,2019-06-05-03-34,31
s.fbac498c-ae6f-46c5-ad6a-1f61f7a7765e.txt,España ,Español / catalán ,29,2,5,5,5,1,1,2,1,1,1,5,1,1,1,1,5,,4,1,1,,1,2,1,4,2,4,,5,,2,2,,,,2,2,4,1,4,4,1,4,2,2,2,2,4,2,,2,4,1,1,,1,2,1,1,1,,1,,1,4,,1,4,5,1,5,4,4,2,,1,4,2,2,2,4,2,4,,4,1,1,1,5,1,5,1,4,2,1,4,,5,5,1,1,1,5,1,,1,4,,1,,5,5,5,1,1,1,,5,2,2,,5,1,2,,1,5,1,,1,1,5,1,4,2,,1,,1,2,5,1,1,1,4,1,5,1,,2,2,,4,1,2,4,2,2,,1,4,2,4,2,,2,,1,,,5,4,1,,1,5,1,2,2,5,4,1,4,1,4,1,1,,1,5,1,2,1,2,2,1,5,1,1,1,5,1,4,1,4,4,2,1,5,4,4,4,,2,2,1,4,2,2,2,,2,1,2,,1,1,1,,5,2,1,1,5,1,2,1,1,5,1,,,,2,2,2,2,4,2,2,1,1,5,5,2,,2,1,2,1,1,1,5,2,,1,1,,,4,2,1,2,,2,1,5,2,1,1,2,1,4,1,1,4,1,5,2,,1,4,2,1,5,,2,2,,2,,2,2,2,2,4,4,1,2,4,6,1,1,4,4,5,6,7,1,3,5,5,1,6,5,3,5,3,7,2,5,7,7,7,5,1,5,4,3,7,1,1,6,5,1,1,6,1,43,43,11,24,35,59,"ES, Spain",2019-06-10-19-36,2019-06-10-20-39,63
s.b8105f47-01a9-4d53-8fb0-bfedac3816b5.txt,España,Español ,23,2,,,,,,,,,,,,,,,5,4,1,1,1,5,1,1,1,4,2,1,1,1,,,,,,,,,,,,,,,1,2,2,1,2,1,2,1,4,1,1,,1,,,,,,,,,,,,,,,,,,2,1,1,5,2,1,,,2,5,5,2,,,,,,,,,,,,,,,1,1,1,5,1,1,1,1,1,1,1,5,5,5,1,4,4,,,1,4,2,4,1,1,4,1,2,4,5,4,1,,5,5,1,5,1,1,5,,5,2,2,2,4,1,5,2,2,1,1,5,4,1,2,2,2,1,1,1,4,1,1,1,2,2,1,1,1,1,5,5,1,4,2,4,1,4,1,1,,1,1,4,4,4,1,4,1,4,2,4,,2,4,1,5,1,1,1,5,2,1,1,1,1,1,1,4,2,1,4,,1,1,1,5,1,2,1,1,1,4,4,1,1,1,2,5,4,4,,2,4,1,2,,1,4,,,,,,,,,,,,,,,4,1,1,1,1,5,1,1,1,4,,,1,1,,,,,,,,,,,,,,,2,4,4,1,1,,,2,4,1,1,4,1,1,1,1,1,5,,,1,1,4,1,1,5,1,,,,,,,,,,,,,,,,,,,,,,,,,,,,,,,,,,,,,,,,,,,,,,,"DE, Germany",2019-05-23-16-44,,
s.11513893-f5a0-4d88-bd9b-914a5487c418.txt,España,Español,44,1,,,,,,,,,,,,,,,,,,,,,,,,,,,,,,,,,,,,,,,,,,,,,,,,,,,,,,,,,,,,,,,,,,,,,,,,,,,,,,,,,,,,,,,,,,,,,,,,,,,,,,,,,,,,,,,,,,,,,,,,,,,,,,,,,,,,,,,,,,,,,,,,,,,,,,,,,,,,,,,,,,,,,,,,,,,,,,,,,,,,,,,,,,,,,,,,,,,,,,,,,,,,,,,,,,,,,,,,,,,,,,,,,,,,,,,,,,,,,,,,,,,,,,,,,,,,,,,,,,,,,,,,,,,,,,,,,,,,,,,,,,,,,,,,,,,,,,,,,,,,,,,,,,,,,,,,,,,,,,,,,,,,,,,,,,,,,,,,,,,,,,,,,,,,,,,,,,"FR, France",2019-06-01-00-27,,
s.9cc61262-3d2a-4ee0-9fd6-344a191d7b46.txt,colombia,español,77,1,,,,,,,,,,,,,,,,,,,,,,,,,,,,,,,,,,,,,,,,,,,,,,,,,,,,,,,,,,,,,,,,,,,,,,,,,,,,,,,,,,,,,,,,,,,,,,,,,,,,,,,,,,,,,,,,,,,,,,,,,,,,,,,,,,,,,,,,,,,,,,,,,,,,,,,,,,,,,,,,,,,,,,,,,,,,,,,,,,,,,,,,,,,,,,,,,,,,,,,,,,,,,,,,,,,,,,,,,,,,,,,,,,,,,,,,,,,,,,,,,,,,,,,,,,,,,,,,,,,,,,,,,,,,,,,,,,,,,,,,,,,,,,,,,,,,,,,,,,,,,,,,,,,,,,,,,,,,,,,,,,,,,,,,,,,,,,,,,,,,,,,,,,,,,,,,,,"CO, Colombia",2019-06-06-01-02,,
s.a4e4689c-e2ea-46cd-9837-3647b3da7940.txt,Estados Unidos de America,Espanol,65,1,,,,,,,,,,,,,,,,,,,,,,,,,,,,,,,,,,,,,,,,,,,,,,,,,,,,,,,,,,,,,,,,,,,,,,,,,,,,,,,,,,,,,,,,,,,,,,,,,,,,,,,,,,,,,,,,,,,,,,,,,,,,,,,,,,,,,,,,,,,,,,,,,,,,,,,,,,,,,,,,,,,,,,,,,,,,,,,,,,,,,,,,,,,,,,,,,,,,,,,,,,,,,,,,,,,,,,,,,,,,,,,,,,,,,,,,,,,,,,,,,,,,,,,,,,,,,,,,,,,,,,,,,,,,,,,,,,,,,,,,,,,,,,,,,,,,,,,,,,,,,,,,,,,,,,,,,,,,,,,,,,,,,,,,,,,,,,,,,,,,,,,,,,,,,,,,,,"US, United States",2019-05-24-01-49,,
s.ead6cc6c-83b0-4469-9f12-5a7773e555ea.txt,Italia,italiano,31,2,,,,,,,,,,,,,,,,,,,,,,,,,,,,,,,,,,,,,,,,,,,,,,,,,,,,,,,,,1,1,1,4,4,4,2,4,4,,4,4,2,,4,4,2,2,2,4,4,2,,4,,4,2,4,,,,,,,,,,,,,,,,,,,,,,,,,,,,,2,2,2,2,4,2,4,2,4,2,4,2,2,4,,,,,,,,,,,,,,,2,1,2,,2,5,1,,2,4,,4,2,,2,2,2,4,2,5,2,4,2,4,2,4,2,4,,,,,,,,,,,,,,,2,4,2,2,4,2,5,2,4,2,4,2,2,4,2,2,2,5,2,4,2,4,4,4,2,4,2,4,2,4,2,2,2,4,4,4,2,4,2,2,,,2,2,2,4,4,2,2,,4,2,4,2,2,4,2,2,2,4,4,4,,4,4,4,2,,2,4,4,2,4,,2,4,2,4,,4,2,2,2,2,,,,,,,,,,,,,,,4,4,2,2,,,4,,4,4,,2,2,,2,4,2,2,2,2,4,2,4,4,2,2,2,2,,,,,,,,,,,,,,,,,,,,,,,,,,,,,,,,,,,,,,,,,,,,,,"ES, Spain",2019-06-05-16-01,,
s.a3053f0d-d418-4175-b044-d665fcf65e51.txt,Colombia,Edpañol,56,1,5,5,5,1,1,5,1,1,1,5,1,1,1,1,4,2,2,2,1,5,2,,2,4,,2,1,1,2,2,2,2,,2,,,4,2,2,4,2,1,2,2,2,1,2,1,4,2,2,2,,1,1,1,4,4,4,2,1,1,2,2,2,5,1,1,1,1,2,2,2,4,2,4,2,2,2,4,2,2,2,1,1,1,1,4,2,2,2,4,4,2,2,4,2,1,1,1,1,5,4,4,2,4,2,2,4,5,5,4,1,1,1,2,4,2,4,2,4,2,2,4,2,1,1,2,2,2,4,2,4,2,5,2,,5,5,5,1,1,1,4,4,2,2,4,4,2,4,4,2,1,1,1,1,4,2,2,2,2,2,2,1,2,2,1,1,2,2,2,5,2,4,,4,2,2,4,2,1,1,1,1,2,4,2,4,2,4,2,2,4,2,4,1,1,1,5,4,2,2,4,4,2,4,4,2,1,1,1,1,4,2,4,2,2,2,4,2,2,1,1,1,1,1,,4,1,2,2,4,1,1,4,2,1,2,4,2,2,2,2,4,,,2,2,4,2,5,4,,2,2,1,4,1,2,1,5,2,1,1,1,2,2,2,2,2,2,2,2,2,4,2,1,1,1,1,1,1,2,4,2,4,2,4,2,4,4,2,1,2,2,2,,4,2,,2,2,2,2,,2,1,3,3,3,4,5,7,5,5,5,5,5,5,5,5,5,5,5,7,5,5,3,6,5,5,3,5,3,5,5,3,7,3,5,2,1,4,4,3,3,34,50,25,30,30,78,"CO, Colombia",2019-05-27-14-47,2019-05-27-15-59,72
s.87934ca5-97b6-4f04-b003-c5ce00750f00.txt,Uruguay,Castellano,31,1,4,,5,1,1,4,,2,1,5,,2,1,1,4,4,,1,1,4,4,,2,4,2,,2,,2,2,2,2,4,2,4,,4,2,,2,2,5,,4,2,2,5,2,5,2,4,2,,,2,4,2,2,2,,2,4,,,2,4,4,5,2,,,4,,2,2,,,4,2,4,,,2,4,2,2,2,4,2,,2,4,,2,,,5,4,2,2,2,5,2,2,2,4,,2,2,2,5,5,2,2,2,,4,2,,2,4,2,,2,2,4,1,,2,,4,2,,2,4,2,,,2,5,2,2,2,,2,4,,4,2,4,,4,,,,,2,2,2,4,,,,4,,4,,4,,4,,2,4,,4,2,4,4,4,4,,4,2,4,2,2,4,2,4,2,4,2,4,,2,5,2,2,2,4,2,2,2,,2,2,,,2,4,2,,2,5,2,2,,1,1,4,,2,,4,2,2,2,4,4,,,2,5,2,4,4,4,5,1,,2,4,4,2,2,2,4,1,,2,4,5,4,4,,1,1,2,,,2,4,2,,2,,2,,2,2,4,,4,,,,,,,4,2,2,2,,4,,,,4,2,4,2,2,,1,2,2,2,4,2,,2,4,2,,,2,4,7,6,3,2,5,6,4,7,6,1,6,6,6,4,7,6,2,6,6,6,6,6,2,6,2,6,4,6,4,4,6,6,4,7,4,6,2,7,5,56,49,30,19,36,72,"ES, Spain",2019-06-04-13-22,2019-06-04-14-24,62
s.5f84e818-25db-4973-8254-5cfba91b9ecb.txt,Colombia,Espanol,32,1,5,,4,1,1,4,,4,1,4,1,2,1,2,4,4,,1,1,,,,1,4,2,,1,,1,4,1,1,,2,4,2,4,4,1,4,2,5,1,2,4,1,4,1,4,,,2,2,4,1,5,2,4,,,1,1,,4,2,5,2,,1,,4,5,,1,1,,5,2,1,4,1,,2,4,1,1,1,5,1,4,1,,1,1,1,5,5,5,1,1,1,5,1,,1,,2,2,2,5,5,5,1,1,1,,4,2,1,1,5,1,,4,2,5,1,4,1,1,4,1,4,1,5,1,,5,5,5,1,4,2,2,1,1,4,,2,4,2,,1,,1,1,1,5,1,4,,1,1,4,1,5,1,5,2,5,,1,4,1,5,1,,4,,4,1,5,1,5,1,1,,,4,2,,4,4,5,5,5,1,1,1,5,1,,2,2,,1,1,5,5,5,4,1,1,4,1,4,1,1,1,4,1,,2,5,1,1,1,4,4,1,1,1,4,1,1,4,4,5,1,1,1,4,2,,1,,5,4,1,,2,5,5,1,5,1,1,,1,1,1,5,1,5,2,5,1,4,,,2,1,4,2,2,2,2,,2,5,1,5,1,2,,,5,,2,,4,,1,4,1,2,1,,,2,2,2,2,,,4,2,5,5,6,4,5,7,6,7,5,7,6,6,6,6,6,4,7,6,5,6,6,3,6,6,6,4,6,6,3,6,4,7,6,3,5,6,6,3,2,2,37,54,36,38,39,95,"CO, Colombia",2019-05-23-22-30,2019-05-23-23-04,34
s.da22ca96-7eee-4a71-85e2-87ed2ec3cec9.txt,España,Español,43,2,5,4,1,4,1,4,1,1,1,4,1,1,1,1,5,,2,1,1,4,1,1,1,1,1,2,1,1,4,5,1,,1,1,4,1,1,1,1,4,1,4,1,1,1,,,1,1,1,4,1,4,4,1,,1,1,1,4,1,5,1,1,1,4,5,5,1,1,1,1,1,4,,5,1,1,4,,4,5,,4,,5,1,5,1,4,1,1,1,1,1,1,1,4,1,1,1,5,2,4,1,1,1,1,1,4,5,5,1,1,1,4,4,,4,1,5,1,4,5,1,5,1,1,1,4,4,2,1,1,4,1,1,5,5,5,1,1,1,4,,1,1,1,1,1,1,,1,,1,1,1,4,1,5,1,1,1,2,1,4,1,4,1,,4,1,5,,5,1,1,1,4,5,1,4,1,1,1,1,4,,4,1,5,1,4,4,1,5,1,1,1,5,1,5,1,1,1,1,1,5,5,5,5,5,1,1,1,4,1,1,1,4,1,2,1,2,1,1,1,,2,1,1,2,4,1,1,2,1,5,1,1,1,5,4,4,1,1,4,1,1,4,1,5,5,1,1,5,1,5,1,2,1,4,4,4,2,1,1,1,1,1,1,,1,1,,1,1,2,1,,1,1,1,4,1,4,1,1,4,1,4,4,2,,1,1,1,4,1,4,1,1,1,1,1,5,1,4,7,7,5,7,7,7,7,7,7,7,7,7,7,7,7,7,1,7,7,7,1,7,1,7,6,7,7,5,7,6,7,7,6,6,7,6,5,4,3,49,57,45,41,42,108,"EU, Europe",2019-06-04-11-43,2019-06-05-08-59,1276
s.ddb0602d-ee17-4483-b347-196eef8d1ac3.txt,España,Castellano,23,1,5,5,5,1,1,5,5,5,5,5,5,2,1,1,5,,,1,1,5,1,5,1,5,5,,1,,1,4,2,1,4,5,4,,5,5,,,1,5,1,1,1,1,5,4,4,,4,1,,2,1,4,,4,,1,1,,,,2,2,,1,1,1,2,4,1,5,,5,2,1,4,4,4,4,1,4,,1,1,5,,5,1,,4,2,,5,5,,1,1,1,5,5,5,1,1,2,1,,5,5,5,4,5,2,2,5,4,5,,5,1,,,1,,4,5,2,1,2,5,5,4,4,,4,,1,5,4,4,4,1,,1,5,5,5,5,4,1,1,,1,1,,4,2,4,,4,4,5,,,1,,5,5,4,1,1,2,5,5,5,5,5,1,1,5,4,5,4,2,,2,5,5,5,,4,,1,5,1,1,1,5,,5,2,,,2,,2,1,2,5,4,,,2,5,,,,4,,2,2,4,1,1,1,2,5,4,1,2,5,1,5,,1,5,1,,4,,,4,4,,5,5,5,,1,5,5,5,2,1,1,5,,4,,5,,,1,,5,5,,1,2,,5,,,4,5,2,1,2,4,5,5,1,4,4,5,4,4,,5,,1,5,,,1,5,5,,1,2,4,4,4,,1,2,6,7,7,2,7,7,7,6,7,3,5,7,7,1,7,7,2,6,5,5,6,7,3,7,1,6,1,7,6,2,7,4,2,3,4,1,3,7,21,56,55,16,23,38,74,"ES, Spain",2019-05-29-11-51,2019-05-29-12-24,33
s.a248959c-3a5d-413e-98be-2c4f19002e02.txt,Colombia,Español,29,2,,,,,,,,,,,,,,,,,,,,,,,,,,,,,,,,,,,,,,,,,,,1,,2,4,,2,,4,,,4,2,4,,2,4,,,,2,,2,4,,2,2,,2,,,,,,,,,,,,,,,,,,,,,,,,,,,,,,,,,,,,,,,,,,,,,,,,,,,,,,,,,,,,,,,,,,,,,,,,,,,,,,,,,,,,,,,,,,,,,,,,,,,,,,,,,,,,,,,,,,,,,,,,,,,,,,,,,,,,,,,,,,,,,,,,,,,,,,,,,,,1,,2,1,2,,2,2,1,,2,4,4,,,,,,,,,,,,,,,,,2,4,,,,4,,2,4,,,,5,,,,,,,,,,,,,,,,,,,,,,,,,,,,,,,,,,,,,,,,,,,,,,,,,,,,,,,,,,,,,,,,,,,,,,,,,,,,,,,,,,,,,,,,"DE, Germany",2019-05-22-09-38,,
s.aa322a47-2ae9-4e9e-8d72-fefb148e1a06.txt,Estados Unidos de America,Español ,65,1,,,,,,,,,,,,,,,,,,,,,,,,,,,,,,,,,,,,,,,,,,,,,,,,,,,,,,,,,,,,,,,,,,,,,,,,,,,,,,,,,,,,,,,,,,,,,,,,,,,,,,,,,,,,,,,,,,,,,,,,,,,,,,,,,,,,,,,,,,,,,,,,,,,,,,,,,,,,,,,,,,,,,,,,,,,,,,,,,,,,,,,,,,,,,,,,,,,,,,,,,,,,,,,,,,,,,,,,,,,,,,,,,,,,,,,,,,,,,,,,,,,,,,,,,,,,,,,,,,,,,,,,,,,,,,,,,,,,,,,,,,,,,,,,,,,,,,,,,,,,,,,,,,,,,,,,,,,,,,,,,,,,,,,,,,,,,,,,,,,,,,,,,,,,,,,,,,"US, United States",2019-05-24-01-37,,
s.f8f4b980-2e0c-48ce-a947-86bb53f8aa3b.txt,Colombia,Español,77,1,,,,,,,,,,,,,,,,,,,,,,,,,,,,,,,,,,,,,,,,,,,,,,,,,,,,,,,,,,,,,,,,,,,,,,,,,,,,,,,,,,,,,,,,,,,,,,,,,,,,,,,,,,,,,,,,,,,,,,,,,,,,,,,,,,,,,,,,,,,,,,,,,,,,,,,,,,,,,,,,,,,,,,,,,,,,,,,,,,,,,,,,,,,,,,,,,,,,,,,,,,,,,,,,,,,,,,,,,,,,,,,,,,,,,,,,,,,,,,,,,,,,,,,,,,,,,,,,,,,,,,,,,,,,,,,,,,,,,,,,,,,,,,,,,,,,,,,,,,,,,,,,,,,,,,,,,,,,,,,,,,,,,,,,,,,,,,,,,,,,,,,,,,,,,,,,,,"CO, Colombia",2019-06-06-01-08,,
s.7e755892-d16a-4a22-be59-613ded73b400.txt,España,Castellano,19,1,,,,,,,,,,,,,,,,,,,,,,,,,,,,,,,,,,,,,,,,,,,,,,,,,,,,,,,,,,,,,,,,,,,,,,,,,,,,,,,,,,,,,,,,,,,,,,,,,,,,,,,,,,,,,,,,,,,,,,,,,,,,,,,,,,,,,,,,,,,,,,,,,,,,,,,,,,,,,,,,,,,,,,,,,,,,,,,,,,,,,,,,,,,,,,,,,,,,,,,,,,,,,,,,,,,,,,,,,,,,,,,,,,,,,,,,,,,,,,,,,,,,,,,,,,,,,,,,,,,,,,,,,,,,,,,,,,,,,,,,,,,,,,,,,,,,,,,,,,,,,,,,,,,,,,,,,,,,,,,,,,,,,,,,,,,,,,,,,,,,,,,,,,,,,,,,,,"ES, Spain",2019-05-29-16-12,,
s.79b6d854-6a96-447c-a390-215075e4aa9b.txt,,,,,,,,,,,,,,,,,,,,,,,,,,,,,,,,,,,,,,,,,,,,,,,,,,,,,,,,,,,,,,,,,,,,,,,,,,,,,,,,,,,,,,,,,,,,,,,,,,,,,,,,,,,,,,,,,,,,,,,,,,,,,,,,,,,,,,,,,,,,,,,,,,,,,,,,,,,,,,,,,,,,,,,,,,,,,,,,,,,,,,,,,,,,,,,,,,,,,,,,,,,,,,,,,,,,,,,,,,,,,,,,,,,,,,,,,,,,,,,,,,,,,,,,,,,,,,,,,,,,,,,,,,,,,,,,,,,,,,,,,,,,,,,,,,,,,,,,,,,,,,,,,,,,,,,,,,,,,,,,,,,,,,,,,,,,,,,,,,,,,,,,,,,,,,,,,,,,,,"CA, Canada",2019-06-08-22-12,,
s.76dcc17b-3e71-448d-b2a0-873e79e50235.txt,España,Español,29,2,4,2,,1,1,1,1,1,1,5,1,,1,2,4,1,2,,1,5,1,2,2,4,2,5,1,,1,2,1,2,4,4,2,4,5,1,4,5,1,5,1,1,1,,4,1,2,1,5,1,2,5,1,5,1,2,1,2,2,4,1,5,4,2,4,5,1,,2,1,1,4,4,5,1,,4,1,4,5,1,5,1,1,1,5,1,4,1,2,1,1,1,4,5,5,1,1,1,5,1,4,1,,1,1,1,5,5,5,1,1,1,,4,,1,1,5,1,1,5,1,5,1,2,1,1,4,,1,,5,1,2,4,1,5,1,2,1,5,4,2,1,,2,1,1,5,1,5,2,1,1,4,2,5,1,4,2,1,1,5,1,5,1,1,1,,5,1,1,2,4,1,4,5,1,5,1,1,4,1,4,4,2,2,5,1,4,4,1,5,1,1,1,4,2,5,1,4,2,1,1,5,5,5,5,1,2,,1,4,2,2,2,1,2,,1,5,1,1,1,,5,1,,1,,1,1,4,1,5,1,1,1,,4,5,1,2,2,1,,4,5,5,5,1,1,2,1,4,1,1,2,2,1,4,1,5,2,5,4,2,,1,4,1,,2,1,,1,5,1,1,2,1,4,4,2,2,4,1,5,5,1,5,1,1,1,5,4,2,1,1,4,1,,5,1,5,7,2,2,7,7,7,7,7,7,6,7,7,7,5,7,7,4,7,6,7,7,7,7,7,7,7,4,7,7,7,7,3,3,6,1,3,3,3,2,53,63,22,45,36,99,"CA, Canada",2019-06-08-22-12,2019-06-08-22-55,43
s.aa37d40f-77fd-4be0-8b21-56584749a0ca.txt,Colombia,Español,26,2,1,1,1,1,1,,1,1,,1,,,,1,1,1,1,4,4,4,1,,2,1,,5,2,1,1,1,1,1,4,4,2,2,,1,1,4,2,,1,,,1,,1,4,1,4,1,,,1,1,1,1,,1,1,1,4,,2,1,1,,2,2,1,1,1,2,,2,1,1,,1,1,4,,,1,1,1,1,,1,1,1,1,,1,1,1,5,1,1,1,1,1,1,1,,2,1,1,2,2,2,1,1,1,1,1,1,4,1,4,1,,,2,,1,1,1,,1,1,1,1,1,1,1,1,1,2,1,1,1,1,1,1,1,1,1,4,1,1,1,1,1,1,1,1,,2,1,4,,1,1,,,,1,1,1,4,4,1,1,4,4,1,1,4,,,1,1,1,1,1,1,4,4,4,2,2,,,,1,1,1,4,,1,1,4,,1,2,4,,,1,,1,1,1,1,5,1,1,5,1,1,4,,1,1,1,4,4,,1,1,4,1,,5,2,4,1,1,1,1,1,1,4,1,2,,1,1,,4,1,,1,1,1,1,4,,4,2,2,,,,1,1,1,1,,1,,1,,1,1,4,,,1,1,1,1,1,1,1,,1,1,1,1,1,1,1,1,1,1,1,1,1,1,1,,1,,,,4,6,1,6,2,2,2,5,6,2,3,1,3,4,2,5,4,2,2,5,3,3,3,5,4,2,1,4,4,2,7,3,1,2,2,1,2,3,2,29,21,14,24,31,51,"CO, Colombia",2019-05-24-06-33,2019-05-24-07-08,35
s.87b37b32-fb93-4f0f-814c-13f9558b004b.txt,colombia,español,48,1,5,,,,1,5,1,4,,4,1,,,1,4,2,2,4,2,5,2,2,4,4,4,5,2,2,,,,,,,,,,,,,,,1,5,4,1,1,1,4,2,2,2,2,2,2,2,,,,,,,,,,,,,,,,,,4,2,4,2,2,2,4,4,4,4,4,,,,,,,,,,,,,,,1,1,1,5,,4,1,5,4,1,,4,5,5,1,,2,2,4,,4,2,4,1,1,2,1,4,1,1,1,,,2,,4,5,1,4,5,5,5,2,2,2,4,2,,2,2,2,2,2,2,2,2,,1,1,5,4,4,1,4,,,,5,5,5,1,,1,1,1,1,4,1,1,1,1,1,1,1,1,1,4,1,1,1,5,2,4,2,2,,,,1,1,1,5,5,5,1,4,5,1,4,5,5,5,1,1,1,,,,,,,,,2,2,2,2,2,2,1,2,2,4,,4,2,2,2,2,2,1,2,2,4,4,,1,1,5,1,4,,1,5,1,1,1,5,,5,1,,,,4,4,,4,2,2,2,,,4,1,,,,,,,,1,,2,1,4,,,2,4,2,2,2,2,2,2,2,2,,,4,2,2,,,,4,1,5,4,6,2,5,5,7,7,4,7,2,4,6,6,3,6,7,4,5,6,7,2,5,2,6,6,6,1,2,2,2,7,1,1,5,1,1,1,7,1,38,46,9,28,40,65,"CL, Chile",2019-05-23-16-04,2019-05-23-18-06,122
s.2135fbae-a4d0-4e07-89f6-56dfb7d97087.txt,Francia,Francés,40,2,,,,2,1,4,,1,1,4,,1,1,,,,,2,1,4,,,,4,,2,1,,4,2,2,4,2,4,4,,4,4,5,4,1,5,4,4,,2,1,,5,,4,4,4,,1,4,1,4,4,1,1,4,,5,2,4,4,2,1,,,1,2,,2,4,2,2,,4,2,,1,5,1,1,1,4,2,4,1,1,1,1,1,2,1,5,1,1,1,5,2,,1,,,2,1,,2,5,1,1,1,4,4,2,1,1,4,1,1,2,1,5,,,,4,,,4,2,5,1,5,,1,5,1,1,1,2,,4,2,,,2,2,2,1,5,4,4,2,4,1,,2,,,4,2,2,1,5,,,,,,,2,4,4,2,5,4,1,2,2,2,4,1,2,1,5,,,,,1,1,5,,,,4,1,4,,,,4,,4,5,5,1,1,1,5,2,4,1,2,2,,2,1,4,,1,1,1,4,5,,1,1,,1,,2,1,5,1,1,1,4,2,2,1,1,2,1,1,2,1,5,1,1,2,2,1,4,1,1,,4,1,2,1,5,4,,2,,2,4,2,4,,5,4,,1,,2,2,4,2,2,,4,2,2,4,2,2,1,5,,,,4,2,4,2,,4,1,2,,1,5,3,6,2,5,6,7,6,7,7,5,6,6,7,4,6,7,7,7,6,5,5,7,7,7,2,6,1,6,5,2,7,5,4,7,1,1,2,4,4,47,59,18,32,38,83,"ES, Spain",2019-05-23-10-44,2019-05-23-11-15,31
s.7fcbeb44-40f8-42ae-8f44-ac233b0c79b2.txt,Colombia,Español,43,1,,1,2,,1,5,1,1,1,4,1,2,2,,1,1,1,2,1,5,1,1,1,2,1,4,2,,1,1,1,1,1,1,2,1,1,1,1,2,1,5,1,,1,1,4,1,4,1,,1,1,1,1,5,1,1,1,4,1,1,1,,1,5,1,,1,,1,2,1,,1,,2,2,1,2,1,2,2,5,1,1,1,4,1,1,1,1,1,1,1,,4,5,1,1,1,5,1,2,1,1,1,2,1,4,5,5,1,1,1,1,4,1,1,1,4,1,1,,2,5,1,2,1,1,4,1,2,1,4,1,1,4,5,5,1,1,1,,1,1,1,1,2,1,1,,1,5,2,1,1,4,1,4,1,1,1,,1,4,2,5,1,,1,1,4,1,,1,1,2,2,4,1,5,1,,1,1,,1,4,1,,1,1,1,1,5,1,1,1,5,1,1,1,1,1,2,1,5,5,5,1,1,1,4,1,,1,1,1,,1,1,,5,1,1,1,2,5,1,1,1,4,1,1,4,5,5,1,1,1,4,1,,1,1,1,2,1,2,,5,,1,1,5,1,4,1,1,1,,1,4,2,5,1,4,1,2,1,1,4,1,1,,1,1,2,5,1,1,1,2,2,2,1,1,,1,1,2,,5,1,1,1,,1,2,1,1,1,1,1,2,1,5,7,7,7,7,7,7,7,7,7,7,7,7,7,7,7,7,5,7,7,7,7,7,1,7,7,7,6,7,7,7,7,6,5,4,5,5,4,4,4,57,57,38,47,42,111,"CO, Colombia",2019-06-07-20-52,2019-06-07-21-15,23
s.f81122a6-e366-495b-a839-8ccc1922a0b1.txt,Colombia ,Español ,41,2,,,,,,,,,,,,,,,,,,,,,,,,,,,,,,,,,,,,,,,,,,,,,,,,,,,,,,,,,,,,,,,,,,,,,,,,,,,,,,,,,,,,,,,,,,,,,,,,,,,,,,,,,,,,,,,,,,,,,,,,,,,,,,,,,,,,,,,,,,,,,,,,,,,,,,,,,,,,,,,,,,,,,,,,,,,,,,,,,,,,,,,,,,,,,,,,,,,,,,,,,,,,,,,,,,,,,,,,,,,,,,,,,,,,,,,,,,,,,,,,,,,,,,,,,,,,,,,,,,,,,,,,,,,,,,,,,,,,,,,,,,,,,,,,,,,,,,,,,,,,,,,,,,,,,,,,,,,,,,,,,,,,,,,,,,,,,,,,,,,,,,,,,,,,,,,,,,"CO, Colombia",2019-06-21-03-04,,
s.e28b30b4-603f-41b7-9216-57a83e16e6eb.txt,España,Español,36,2,5,4,1,1,1,4,2,1,1,4,1,,1,1,5,5,5,1,1,5,1,1,1,4,1,4,2,,4,4,4,1,1,4,4,1,,4,2,1,1,4,1,5,1,2,2,2,4,1,4,1,,2,1,4,1,1,1,1,1,4,1,1,1,4,2,2,1,2,4,4,4,2,1,5,4,1,2,4,4,2,2,2,1,1,1,5,1,1,1,1,1,1,1,4,5,5,1,1,1,5,1,5,1,1,4,1,1,4,5,5,1,4,4,2,1,1,4,1,4,1,4,2,1,4,1,5,1,2,4,4,5,1,2,1,1,2,2,5,4,,2,2,1,4,,1,,4,4,2,1,,4,2,,4,2,5,2,1,1,4,1,5,1,,1,4,,1,4,4,4,1,5,4,4,2,1,2,1,5,1,1,1,1,5,1,5,4,4,2,1,5,1,1,1,5,1,5,1,1,1,1,1,5,5,5,1,2,2,1,1,4,1,1,1,4,,1,,4,1,,2,2,5,2,2,1,4,2,4,,1,5,1,4,4,1,1,,5,1,2,4,,2,1,5,5,5,5,2,1,5,1,1,1,5,1,,1,2,2,4,4,2,1,,4,1,,4,4,2,2,,1,5,4,2,1,4,4,1,4,1,1,,1,5,1,1,1,,1,4,4,1,2,,,1,1,2,3,5,1,5,5,7,6,3,7,1,3,6,7,5,3,7,7,5,5,6,3,6,2,2,2,2,1,3,7,5,7,1,1,5,6,5,2,3,7,26,43,21,33,37,60,"ES, Spain",2019-05-31-22-05,2019-05-31-22-31,26
s.cabe6739-0aeb-466a-9717-45dec415431b.txt,España,Catalán,27,3,4,4,4,2,1,4,2,2,1,4,,2,1,1,,,,,,,,,,,,,,,2,2,2,4,4,2,4,2,,,2,4,2,4,2,4,2,2,4,,,4,,,2,4,2,,,,,,,,,,,,,,,,2,,2,4,,4,2,,,2,4,4,2,,2,2,2,4,2,4,2,,2,2,2,4,4,4,2,2,2,4,2,,2,,2,2,2,4,4,2,2,2,2,,4,2,2,,4,2,2,4,2,4,2,2,2,4,4,,2,2,4,2,4,4,2,4,2,1,2,4,4,,2,4,,2,2,4,2,2,2,2,2,4,,4,2,2,2,,,4,2,2,,,,,,,,,,,,,,,,,,,,,,,,,,,,,2,2,2,5,,4,2,,,,2,4,2,2,4,4,2,2,1,4,2,2,2,2,4,4,2,,2,2,2,4,4,2,2,2,,2,2,2,2,4,,,,,,,,,,,,,,,,,,,,,,,,,,,,,2,4,2,,4,2,4,2,,2,2,,2,2,2,2,2,4,4,4,4,2,4,2,,,2,4,2,4,2,4,4,4,4,2,,2,,4,2,2,,,,,,,,,,,,,,,,,,,,,,,,,,,,,,,,,,,,,,,,,,,,,,"GB, United Kingdom",2019-05-29-15-47,,
s.be56b063-4aab-462d-bb6a-7d058fde8634.txt,España,español,51,1,5,4,4,1,1,,4,,1,5,,2,1,1,4,,4,2,2,4,4,,1,5,,1,1,1,2,2,2,2,,4,2,,,2,,4,1,,2,4,,2,2,2,4,2,2,2,4,4,1,2,4,2,,,2,4,2,4,2,4,,4,1,5,,2,2,4,2,4,2,4,,2,,4,4,,2,2,2,4,,4,2,,2,2,2,2,,2,1,2,2,4,2,4,2,,,,,4,5,5,1,2,2,4,4,2,,,5,1,2,4,1,,1,2,1,2,4,2,4,,4,1,,,2,5,2,2,2,2,2,,2,4,4,2,,4,1,,,,,4,2,4,,4,,,,5,1,,2,,2,1,4,,,2,,4,4,5,1,,1,4,2,2,4,2,4,2,,1,2,,1,5,2,2,2,2,2,4,2,4,2,4,2,5,5,4,2,2,,,,4,2,,2,2,2,4,4,2,1,1,1,5,4,4,1,,5,1,2,5,1,5,4,4,2,2,2,2,4,1,2,4,1,1,1,5,4,,,2,2,4,2,4,2,4,,,1,1,,4,4,2,2,4,,,,2,2,4,1,4,2,,2,,,,,,4,2,2,4,2,,2,2,2,4,2,4,2,,,2,4,,1,4,7,3,3,7,7,4,7,4,7,7,7,7,7,6,5,4,7,7,6,6,4,7,7,6,7,7,6,3,7,6,6,7,6,6,5,5,5,1,4,39,60,40,48,32,113,"ES, Spain",2019-06-05-17-14,2019-06-06-16-25,1391
s.21c40117-1bd5-418a-93a4-4b4deead812d.txt,España,Català,21,1,,,,,,,,,,,,,,,,,,,,,,,,,,,,,,,,,,,,,,,,,,,,,,,,,,,,,,,,,,,,,,,,,,,,,,,,,,,,,,,,,,,,,,,,,,,,,,,,,,,,,,,,,,,,,,,,,,,,,,,,,,,,,,,,,,,,,,,,,,,,,,,,,,,,,,,,,,,,,,,,,,,,,,,,,,,,,,,,,,,,,,,,,,,,,,,,,,,,,,,,,,,,,,,,,,,,,,,,,,,,,,,,,,,,,,,,,,,,,,,,,,,,,,,,,,,,,,,,,,,,,,,,,,,,,,,,,,,,,,,,,,,,,,,,,,,,,,,,,,,,,,,,,,,,,,,,,,,,,,,,,,,,,,,,,,,,,,,,,,,,,,,,,,,,,,,,,,"ES, Spain",2019-06-20-16-18,,
s.116a6569-2e5f-4565-9500-2705046f712a.txt,Colombia,Español,28,2,5,5,5,2,1,5,,5,1,5,,4,,2,5,5,5,2,1,5,1,4,1,5,2,4,1,1,5,4,4,4,,4,2,4,4,4,4,4,,4,,4,4,,4,,4,4,,4,,4,1,2,,2,4,4,1,5,,5,1,4,4,5,,1,4,4,4,2,2,4,4,4,2,4,4,4,4,4,1,2,1,4,2,4,2,,2,,,,4,4,1,1,1,5,,4,1,5,5,1,4,4,4,4,1,1,,4,4,2,,4,5,1,5,4,1,5,1,,2,4,4,2,4,2,5,2,4,4,2,4,4,4,4,4,,4,,4,2,4,4,4,2,,4,4,2,4,,4,2,4,4,4,4,4,4,4,4,4,4,2,2,4,4,4,,4,5,5,1,,4,5,4,2,2,4,4,4,4,4,5,,2,5,2,1,1,5,,5,2,,2,2,2,5,1,2,2,2,,4,,4,,,,4,4,,,4,1,2,2,4,4,2,2,4,4,1,4,4,2,5,1,1,1,5,2,4,1,4,,2,4,4,4,4,4,4,4,4,4,4,2,4,4,4,4,4,2,,4,4,4,2,2,4,4,4,4,4,4,4,,4,2,2,,4,4,4,4,2,4,2,5,4,1,4,1,1,1,4,4,4,2,4,4,2,4,4,,4,2,4,1,2,3,3,4,4,7,2,1,5,3,2,3,6,4,6,5,6,3,5,3,4,1,5,1,5,5,2,7,1,2,4,1,1,1,2,1,28,34,9,20,35,48,"CO, Colombia",2019-05-24-00-24,2019-05-24-01-10,46
s.ef7fa676-1156-47d0-8b55-aa52ba4e303e.txt,España,Castellano,31,1,,,,,,,,,,,,,,,,,,,,,,,,,,,,,,,,,,,,,,,,,,,,,,,,,,,,,,,,,,,,,,,,,,,,,,,,,,,,,,,,,,,,,,,,,,,,,,,,,,,,,,,,,,,,,,,,,,,,,,,,,,,,,,,,,,,,,,,,,,,,,,,,,,,,,,,,,,,,,,,,,,,,,,,,,,,,,,,,,,,,,,,,,,,,,,,,,,,,,,,,,,,,,,,,,,,,,,,,,,,,,,,,,,,,,,,,,,,,,,,,,,,,,,,,,,,,,,,,,,,,,,,,,,,,,,,,,,,,,,,,,,,,,,,,,,,,,,,1,1,1,1,1,1,1,1,1,1,1,1,1,1,,,,,,,,,,,,,,,,,,,,,,,,,,,,,,,,,,,,,,,,,,,,,,"ES, Spain",2019-05-27-13-14,,
s.77319369-b129-4a87-a6a9-784d814083eb.txt,Peru,Español,37,2,2,,4,2,2,2,2,2,2,2,2,1,1,2,2,2,2,4,2,4,2,2,2,2,2,2,2,,1,4,2,1,,1,4,1,1,2,1,1,1,4,2,2,2,2,,2,2,2,2,2,2,1,2,,2,2,2,2,2,4,2,2,2,4,2,2,2,,2,2,2,4,2,4,2,2,4,2,2,,2,4,2,2,2,4,4,4,2,2,4,2,4,4,4,4,2,2,2,4,2,4,1,4,4,2,2,4,4,4,1,1,4,1,2,2,2,2,2,2,2,2,2,4,2,2,2,2,4,2,4,2,2,2,2,2,5,5,2,2,2,2,4,2,2,2,2,2,2,1,1,4,2,2,2,2,4,4,2,2,2,2,2,2,2,4,1,1,1,1,1,1,4,1,1,1,1,1,1,4,2,2,4,2,2,2,4,2,2,2,2,2,2,4,1,1,1,5,4,4,1,5,2,1,1,4,4,4,2,2,4,2,2,4,2,2,2,2,2,2,2,4,2,2,2,4,4,2,2,4,4,2,5,5,2,5,2,2,2,4,4,4,2,4,4,2,2,4,2,4,2,2,2,4,2,4,2,4,2,2,2,2,2,,2,4,2,2,2,2,2,2,2,2,2,2,2,4,1,1,2,2,2,2,2,2,2,2,4,,2,4,2,2,2,5,4,4,2,2,4,2,,4,2,4,5,4,3,2,3,7,7,5,7,1,7,7,5,1,5,7,5,5,5,7,3,5,3,7,3,5,1,3,5,3,7,1,5,3,1,2,1,4,1,38,47,12,26,37,67,"DE, Germany",2019-06-02-11-34,2019-06-02-12-12,38
s.66b9f64b-6a9e-4d1b-84fa-0f5c8bf17811.txt,España,Catalán,21,1,5,5,5,2,1,4,5,4,1,5,1,2,1,2,5,4,4,2,1,5,4,1,1,4,1,4,1,,1,5,1,4,5,4,4,2,,2,2,5,1,5,1,1,1,4,5,,4,1,4,1,4,5,1,1,1,2,4,4,1,2,4,5,4,,1,4,1,,,5,4,2,2,1,4,2,4,1,,4,2,4,1,1,1,5,4,4,1,5,4,1,1,5,5,5,1,1,1,4,1,2,1,5,1,1,1,4,1,4,1,,,,4,2,,1,4,1,1,4,1,4,1,5,4,1,1,,5,1,1,2,1,1,1,5,,4,4,,2,1,4,2,4,2,1,4,1,4,2,4,1,4,1,4,,4,4,1,2,5,1,4,1,1,4,2,5,,4,4,4,1,,4,1,4,1,5,,1,1,1,5,1,2,1,1,1,1,5,1,1,1,5,1,,1,4,2,1,1,4,1,1,1,4,2,4,1,4,4,4,2,4,2,4,1,,1,4,4,2,1,1,4,1,,1,1,2,1,4,,5,4,2,1,,4,1,1,,1,1,1,5,5,1,1,4,,4,1,,2,4,,5,1,2,1,4,2,2,2,1,4,2,4,4,,4,1,4,1,5,4,,4,2,5,2,,2,2,,1,4,1,4,1,4,4,5,1,,4,1,5,5,1,4,6,3,1,1,2,6,6,6,7,5,4,3,7,7,3,3,6,7,6,5,5,5,5,7,1,6,5,7,3,2,7,5,2,7,1,1,5,2,3,44,45,26,24,31,77,"ES, Spain",2019-05-29-13-28,2019-05-29-13-54,26
s.dd9f8bd2-b1af-4851-9764-1ac1888a3d31.txt,España,Español,43,1,,,,,,,,,,,,,,,,,,,,,,,,,,,,,,,,,,,,,,,,,,,1,4,1,1,1,1,1,1,1,2,1,4,1,4,1,1,1,4,,1,1,,2,2,1,5,1,1,1,1,1,1,1,4,1,1,1,4,1,4,1,1,,,,,,,,,,,,,,,,,,,,,,,,,,,,,,,,,,,,,,,,,,,1,4,1,1,1,1,2,1,2,1,1,4,1,5,,,,,,,,,,,,,,,,,,,,,,,,,,,,,,,,,,,,,,,,,,,,,,,,,,,,,,,,,,,,,,,,,,,,,,,,,,,,,,,,,,,,,,,,,,,,,,,,,,,,,,,,,,,,,,,,,,,,,,,,,,,,,,,,,,,,,,,,,,,,,,,,,,,,,,,,,,,,,,,,,,,,,,,,,,,,,,,,,,,,,,,,,,,,,,,,,,,,,,,,,,,,,,,,,,,,,,"NL, Netherlands",2019-05-29-12-55,,
s.e64008b6-f0db-4a06-abc1-169ba3dbc458.txt,,,,,,,,,,,,,,,,,,,,,,,,,,,,,,,,,,,,,,,,,,,,,,,,,,,,,,,,,,,,,,,,,,,,,,,,,,,,,,,,,,,,,,,,,,,,,,,,,,,,,,,,,,,,,,,,,,,,,,,,,,,,,,,,,,,,,,,,,,,,,,,,,,,,,,,,,,,,,,,,,,,,,,,,,,,,,,,,,,,,,,,,,,,,,,,,,,,,,,,,,,,,,,,,,,,,,,,,,,,,,,,,,,,,,,,,,,,,,,,,,,,,,,,,,,,,,,,,,,,,,,,,,,,,,,,,,,,,,,,,,,,,,,,,,,,,,,,,,,,,,,,,,,,,,,,,,,,,,,,,,,,,,,,,,,,,,,,,,,,,,,,,,,,,,,,,,,,,,,"ES, Spain",2019-05-22-10-37,,
s.d952e8d5-8ba5-44c0-a750-97635fcc771e.txt,Italy,Spanish,60,2,4,4,4,1,1,1,4,2,1,1,1,1,1,1,,1,,,2,,,,,,2,1,1,,2,2,2,4,4,4,,2,4,2,2,4,2,5,2,2,2,,4,,4,,,,4,,2,2,,,,,,2,4,,,5,4,2,2,2,2,2,2,4,,,,,2,2,2,4,2,2,1,1,1,4,4,,2,2,4,2,2,4,2,4,2,2,2,4,4,,1,1,4,1,1,4,4,4,2,2,2,2,2,2,,1,2,1,1,4,4,4,2,2,2,2,,,4,4,4,4,,2,4,4,,,,2,4,,,,,,,2,2,4,1,1,1,,,4,,4,,,4,,1,,2,2,2,2,4,2,4,4,4,4,,1,1,,2,2,2,2,,2,4,,4,2,2,4,2,4,2,2,2,4,,,,,,,2,2,1,1,2,2,,4,,,,,,4,,2,2,4,1,1,1,4,4,,,,4,2,2,4,2,4,2,2,2,4,2,4,2,2,4,2,4,4,2,4,4,4,4,2,2,2,,,,,2,2,2,4,2,2,2,,5,,,,,1,1,2,,2,2,2,2,,5,2,2,2,2,2,2,4,,2,1,1,1,4,1,1,1,1,1,1,,,,4,3,1,5,1,5,5,5,2,6,1,3,2,3,3,3,6,4,6,3,3,2,6,5,6,2,2,1,1,3,1,7,2,2,7,1,1,1,2,1,31,37,11,17,26,52,"IT, Italy",2019-06-05-21-11,2019-06-05-21-55,44
s.60fd597c-63bc-46fc-9ac7-15b5dfad4253.txt,España,"Catalan, español",25,2,4,1,4,1,1,1,1,1,1,5,1,1,1,1,4,1,2,1,1,1,1,1,1,5,1,1,4,1,1,1,1,,1,1,1,1,2,1,1,2,1,1,1,1,1,2,5,1,2,1,4,1,1,4,2,1,4,2,2,1,1,1,1,1,1,5,1,1,1,1,1,1,1,,1,5,1,1,,1,1,5,2,1,1,1,1,4,1,2,1,2,1,1,1,5,5,1,1,1,1,5,1,1,1,1,1,1,1,4,2,1,1,1,1,,2,,,1,5,1,4,5,1,,1,1,1,2,4,1,5,1,4,1,,,1,4,1,1,1,,1,1,1,1,1,1,1,,1,1,,1,1,,1,1,1,1,1,,1,2,1,1,1,5,1,1,2,1,4,1,4,1,1,,1,2,1,5,1,1,4,1,5,1,5,1,4,4,1,2,1,1,1,4,1,1,1,1,1,1,1,5,5,2,1,1,1,4,2,4,1,1,2,1,2,4,2,1,1,1,1,1,2,2,,1,4,1,2,2,1,1,1,1,1,4,4,2,1,1,5,1,2,,2,4,4,1,1,,1,1,1,1,1,4,1,1,1,1,1,1,1,1,1,1,1,1,1,4,1,2,1,4,1,1,1,2,2,5,1,1,1,1,4,5,2,1,1,1,1,,1,1,1,1,1,2,1,2,1,1,1,5,1,7,6,3,5,2,7,5,6,4,7,3,1,7,7,5,5,7,1,7,5,3,3,3,3,1,5,5,7,6,2,3,6,6,2,2,7,15,46,28,37,38,68,"ES, Spain",2019-05-23-19-00,2019-05-23-19-22,22
s.85174a95-7f5a-49a7-affd-7da6998aceb1.txt,España,Castellano i Catalan,22,2,,,,,,,,,,,,,,,,,,,,,,,,,,,,,,,,,,,,,,,,,,,1,1,1,,5,2,,1,1,1,2,2,1,4,,,,,,,,,,,,,,,,,,,,,,,,,,,,,,,,,,,,,,,,,,,,,,,,,,,,,,,,,,,,,,,,,,,,,,,,,,,,,,,,,,,,,,,,,,,,,,,,,,,,,,,,,,,,,,,,,,,,,,,,,,,,,,,,,,,,,,,,,,,,,,,,,,,,,,,,,,,,,,,,,,,,,,,,,,,,,,,,,,,,,,,,,,,,,,,,,,,,,,,,,,,,,,,,,,,,,,,,,,,,,,,,,,,,,,,,,,,,,,,,,,,,,,,,,,,,,,,,,,,,,,,,,,,,,,,,,,,,,,,,,,,,,,,,,,,,,,,,,,"ES, Spain",2019-06-03-17-40,,
s.8273e19e-8ed5-49c6-a7de-d62a1923c122.txt,Colombia,Español,33,2,,,,,,,,,,,,,,,,,,,,,,,,,,,,,,,,,,,,,,,,,,,,,,,,,,,,,,,,,,,,,,,,,,,,,,,,,,,,,,,,,,,,,,,,,,,,,,,,,,,1,1,1,5,5,1,1,1,1,1,,4,5,2,,,,,,,,,,,,,,,,,,,,,,,,,,,,,,,,,,,,,,,,,,,,,,,,,,,,,,,,,,,,,,,,,,,,,,,,,,,,,,,,,,,,,,,,,,,,,,,,,,,,,,,,,,,,,,,,,,,,,,,,,,,,,,,,,,,,,,,,,,,,,,,,,,,,,,,,,,,,,,,,,,,,,,,,,,,,,,,,,,,,,,,,,,,,,,,,,,,,,,,,,,,,,,,,,,,,,,,,,,,,,,,,,,,,,,,,,,,,,,,,,,"DE, Germany",2019-05-31-10-06,,
s.73b5e6bd-d648-42ef-a561-86b7eaf7736b.txt,Ecuador,Castellano,30,2,4,,4,1,1,5,,1,2,5,2,1,1,2,,,,,1,5,,,2,4,2,5,1,1,2,2,1,1,2,4,,2,2,4,,5,1,4,2,5,2,1,1,1,,1,1,1,1,2,1,4,,4,2,,2,2,1,1,2,1,1,,1,1,4,1,1,5,1,4,,2,2,,2,5,1,4,1,1,1,4,2,5,1,4,2,2,2,5,5,5,1,1,1,5,2,5,1,,2,1,1,5,5,5,1,1,1,,4,,,,4,1,2,5,1,5,1,1,1,,5,,4,2,4,2,2,5,5,5,1,1,1,,2,,1,2,2,2,2,4,1,4,4,,1,,1,5,4,,2,4,2,5,1,5,1,2,1,2,4,,,2,,,2,4,1,4,,4,4,2,2,2,4,2,4,,2,,1,5,1,1,1,5,,,2,4,2,1,1,5,5,5,1,1,1,,,4,2,2,2,1,2,,1,1,1,1,1,,4,,4,,5,1,2,5,5,5,1,1,1,2,,4,,2,2,1,2,5,5,5,1,2,1,,1,4,,4,2,5,2,5,1,4,1,4,2,1,1,,,2,2,4,2,4,1,4,1,2,1,4,,5,2,1,4,2,4,5,1,5,2,2,2,,2,4,,2,,,,4,1,4,6,6,7,5,4,5,6,6,7,7,5,5,6,5,7,7,5,6,5,7,4,6,6,5,5,5,3,3,4,3,7,7,6,2,1,1,3,7,4,47,48,26,35,39,97,"ES, Spain",2019-06-05-10-03,2019-06-05-10-29,26
s.089f8841-a7f7-4180-9820-51cc2f7f29a8.txt,Colombia,Español,32,1,,,,,,,,,,,,,,,,,,,,,,,,,,,,,,,,,,,,,,,,,,,,,,,,,,,,,,,,,1,1,1,,2,1,1,1,1,4,1,2,1,5,,,,,,,,,,,,,,,,,,,,,,,,,,,,,,,,,,,,,,,,,,,1,1,1,4,4,1,1,,4,1,4,5,1,,,,,,,,,,,,,,,,,,,,,,,,,,,,,,1,1,1,,2,,1,4,1,,1,,1,2,,,,,,,,,,,,,,,,,,,,,,,,,,,,,,,,,,,,,,,,,,,,,,,,,,,,,,,,,1,1,1,,4,1,,1,4,1,1,4,1,4,,,,,,,,,,,,,,,,,,,,,,,,,,,,,,,,,,,,,,,,,,,1,1,1,,4,1,,1,5,1,4,4,1,4,,,,,,,,,,,,,,,,,,,,,,,,,,,,,,,,,,,,,,,,,,,,,,,,,,,,,,,,,,,,"CO, Colombia",2019-05-23-21-00,,
s.4baac923-8226-482a-ae9b-b62b306ad6d4.txt,Colombia,Español,34,1,5,4,5,1,1,4,1,,1,5,2,,1,2,4,4,,1,1,5,2,4,1,5,,4,1,5,1,2,,1,,2,,1,1,,1,,1,2,2,4,,2,4,2,2,2,4,,,4,1,2,,2,4,4,,4,,4,2,,,5,1,1,1,1,1,4,,4,1,,4,1,1,,,1,1,1,1,5,4,,1,,,1,2,5,5,1,1,1,1,5,4,,1,,4,1,1,5,5,5,,4,1,1,2,2,4,1,,1,1,,1,,4,4,4,2,2,1,5,,5,4,,4,5,,2,2,2,4,,4,2,2,4,1,,4,1,2,4,2,2,,,4,1,,2,2,2,4,2,2,4,4,4,1,1,1,4,1,1,4,4,,1,,4,4,1,1,1,1,4,1,2,,1,1,1,5,1,1,1,5,5,5,1,5,,1,,5,4,,2,2,2,,,2,2,2,4,2,2,,1,2,2,2,2,4,4,,1,,4,2,,,1,2,2,,,2,2,1,4,1,,2,2,1,1,4,1,1,1,5,,4,1,,1,1,1,,5,,,,4,1,2,,,,1,4,,,1,,,,2,2,2,2,4,1,1,4,1,1,1,1,1,1,1,4,4,4,1,,4,1,,4,1,,3,5,1,2,5,5,3,5,6,1,3,5,5,1,4,6,4,2,4,7,1,5,3,4,4,4,1,6,1,1,7,2,3,4,2,1,1,4,1,32,37,11,16,35,47,"CO, Colombia",2019-06-03-04-52,2019-06-03-05-29,37
s.8043c5b7-ef46-4d9d-90b8-70291c0bc624.txt,Colombia,Español,26,2,,,,,,,,,,,,,,,,,,,,,,,,,,,,,,,,,,,,,,,,,,,1,1,2,2,5,,5,1,5,,,,,,,,,,,,,,,,,,,,4,1,1,1,2,,4,2,4,2,2,5,2,2,,,,,,,,,,,,,,,,,,,,,,,,,,,,,2,2,2,2,4,4,4,1,4,1,1,2,1,1,1,1,1,4,4,,2,1,5,1,1,1,1,1,,,,,,,,,,,,,,,,,,,,,,,,,,,,,,,,,,,,,,,,,,,,,,,,,,,,,,,,,,,,,,,,,,,,,,,,,,,,,,,,,,,,,,,,,,,,,,,,,,,,,,,,,,,,,,,,,,,,,,,,,,,,,,,4,4,2,1,1,5,5,1,1,5,1,,1,1,,,,,,,,,,,,,,,,,,,,,,,,,,,,,,,,,,,,,,,,,,,,,,,,,,,,,,,,,,,,,,,,,,,,,,,,,,"CO, Colombia",2019-05-24-15-45,,
s.1061cc2e-8f4b-4a26-99aa-143aa2472a71.txt,España,Español,29,2,2,2,2,4,1,5,1,5,1,4,4,4,1,1,1,1,1,5,4,5,1,5,2,,2,5,5,1,,4,2,1,4,,4,,4,4,2,2,2,2,1,2,1,4,5,1,,1,4,1,,1,1,1,4,4,4,1,1,1,1,5,2,2,4,,,,1,1,1,5,5,5,2,5,2,,,5,4,,1,1,1,5,1,5,1,5,1,,1,5,5,5,1,1,1,5,,4,1,5,2,1,,5,5,4,1,1,1,,4,4,4,4,5,2,4,4,1,,2,5,2,2,4,,5,,5,2,4,1,1,5,2,2,2,4,,4,1,4,2,1,,4,1,1,1,1,1,5,4,5,1,5,,2,4,5,,,,4,,1,5,4,4,2,4,1,5,5,1,4,5,5,5,1,4,1,5,1,5,1,5,1,1,5,1,1,1,5,4,4,1,5,2,1,4,5,1,1,2,2,1,4,,4,1,4,,1,1,1,1,1,2,5,1,4,,1,4,2,4,,4,1,1,1,2,4,4,4,2,2,1,1,1,1,1,1,1,5,2,2,2,4,1,,1,4,1,,,4,1,1,1,4,4,1,1,1,4,4,,,1,1,1,1,1,1,1,4,4,5,4,5,4,2,4,4,2,2,1,1,1,5,4,4,2,4,,1,,4,5,5,5,4,1,3,6,7,5,6,7,3,4,3,6,1,5,7,3,6,6,6,6,6,2,6,1,7,1,7,5,2,7,3,4,1,3,3,2,4,4,41,47,17,22,37,59,"ES, Spain",2019-06-10-21-33,2019-06-10-22-07,34
s.0db9ebc2-838f-4ff4-957d-3035a9a49156.txt,España,Castellano/Valenciano,44,2,5,4,5,1,1,5,4,4,1,5,1,2,5,1,5,4,4,2,1,5,,1,1,5,2,5,1,5,1,2,1,1,2,,4,1,4,1,,4,1,2,1,4,1,1,5,1,5,1,,1,,,1,,,2,1,4,1,,1,4,,,,,1,5,1,1,1,5,1,5,1,4,1,1,4,4,1,5,1,1,1,5,1,4,1,,1,1,1,,4,,1,1,1,5,1,4,1,,1,1,1,5,5,5,1,2,1,2,5,1,4,1,5,1,4,,,5,1,4,1,1,5,1,5,1,5,1,4,4,5,5,1,1,1,4,1,,2,1,1,1,1,,1,2,,1,1,4,1,5,1,1,1,,2,5,1,,1,4,1,1,5,1,5,1,5,1,4,4,1,,1,4,4,1,5,1,5,1,5,1,4,1,1,5,1,1,1,5,1,4,1,1,1,1,1,5,5,,2,2,1,,1,5,1,1,1,4,2,,2,2,1,1,1,1,4,1,,1,5,1,4,,1,5,1,1,1,4,1,,4,1,5,1,1,1,1,5,4,2,1,4,1,5,1,1,1,4,1,,1,,2,4,1,1,1,,5,1,1,,1,,1,2,1,1,1,,,2,4,1,5,1,4,,1,4,1,1,1,4,1,,1,1,1,1,1,,1,,7,6,7,4,7,7,7,7,1,7,6,7,7,7,7,7,6,7,7,7,2,6,6,6,3,7,4,5,5,4,7,7,6,5,7,7,3,7,7,53,60,41,36,35,106,"ES, Spain",2019-05-22-10-07,2019-05-22-13-01,174
s.9772cfc9-cfe4-483a-bdc8-ad7b0e0c0472.txt,Espana,Espanol,44,1,,,,,,,,,,,,,,,,,,,,,,,,,,,,,,,,,,,,,,,,,,,,,,,,,,,,,,,,,,,,,,,,,,,,,,,,,,,,,,,,,,,,,,,,,,,,,,,,,,,,,,,,,,,,,,,,,,,,,,,,,,,,,,,,,,,,,,,,,,,,,,,,,,,,,,,,,,,,,,,,,,,,,,,,,,,,,,,,,,,,,,,,,,,,,,,,,,,,,,,,,,,,,,,,,,,,,,,,,,,,,,,,,,,,,,,,,,,,,,,,,,,,,,,,,,,,,,,,,,,,,,,,,,,,,,,,,,,,,,,,,,,,,,,,,,,,,,,,,,,,,,,,,,,,,,,,,,,,,,,,,,,,,,,,,,,,,,,,,,,,,,,,,,,,,,,,,,"GB, United Kingdom",2019-05-22-11-47,,
s.f23023e3-e0f5-45e9-878b-7992ee7ce88e.txt,Inglaterra,Español,63,1,,,,,,,,,,,,,,,,,,,,,,,,,,,,,,,,,,,,,,,,,,,,,,,,,,,,,,,,,,,,,,,,,,,,,,,,,,,,,,,,,,,,,,,,,,,,,,,,,,,,,,,,,,,,,,,,,,,,,,,,,,,,,,,,,,,,,,,,,,,,,,,,,,,,,,,,,,,,,,,,,,,,,,,,,,,,,,,,,,,,,,,,,,,,,,,,,,,,,,,,,,,,,,,,,,,,,,,,,,,,,,,,,,,,,,,,,,,,,,,,,,,,,,,,,,,,,,,,,,,,,,,,,,,,,,,,,,,,,,,,,,,,,,,,,,,,,,,,,,,,,,,,,,,,,,,,,,,,,,,,,,,,,,,,,,,,,,,,,,,,,,,,,,,,,,,,,,"GB, United Kingdom",2019-06-06-16-16,,
s.f299a5e6-27fe-461e-8135-c421e868d8c6.txt,España,Español,44,2,,,,,,,,,,,,,,,,,,,,,,,,,,,,,,,,,,,,,,,,,,,,,,,,,,,,,,,,,,,,,,,,,,,,,,,,,,,,,,,,,,,,,,,,,,,,,,,,,,,,,,,,,,,,,,,,,,,,,,,,,,,,,,,,,,,,,,,,,,,,,,,,,,,,,,,,,,,,,,,,,,,,,,,,,,,,,,,,,,,,,,,,,,,,,,,,,,,,,,,,,,,,,,,,,,,,,,,,,,,,,,,,,,,,,,,,,,,,,,,,,,,,,,,,,,,,,,,,,,,,,,,,,,,,,,,,,,,,,,,,,,,,,,,,,,,,,,,,,,,,,,,,,,,,,,,,,,,,,,,,,,,,,,,,,,,,,,,,,,,,,,,,,,,,,,,,,,"ES, Spain",2019-05-29-22-16,,
s.3db24064-3474-490a-9749-1fb555ec3548.txt,Colombia,Español ,34,2,5,5,5,,1,,2,4,1,5,1,,2,1,4,2,2,,2,5,2,4,2,4,4,4,1,1,1,1,1,5,5,5,1,1,,1,1,4,1,1,1,1,1,1,5,2,1,5,4,1,4,4,4,1,2,2,2,5,4,5,1,5,5,1,5,5,2,,4,1,1,4,2,4,2,2,2,2,2,2,5,2,1,1,1,4,4,4,1,1,4,1,1,,1,1,1,1,1,4,,4,2,2,2,2,2,,5,1,1,1,1,,4,2,2,2,4,1,1,,4,1,2,2,2,4,4,2,4,,5,1,,4,4,5,2,2,2,5,4,,2,2,4,1,2,,2,1,2,2,2,4,,5,1,5,2,,4,4,4,1,2,2,2,,4,4,2,4,4,1,4,5,2,2,2,2,2,2,,1,5,1,4,1,1,1,1,5,2,2,2,5,4,4,1,5,4,1,4,5,5,2,2,2,2,,2,4,2,2,4,2,2,2,2,2,2,2,2,,5,1,1,1,5,1,1,,5,1,2,2,2,2,4,2,2,2,4,2,2,2,2,5,4,4,4,5,1,4,1,1,1,4,1,,2,2,2,2,2,,4,4,2,2,2,2,2,4,4,1,1,1,2,2,4,1,1,1,1,1,1,1,1,1,1,1,1,4,4,4,1,1,4,1,1,,1,1,7,5,1,1,5,7,5,6,7,1,1,5,7,1,4,7,1,1,4,7,1,5,3,7,7,7,1,7,4,1,7,1,3,5,1,1,1,7,1,45,41,9,20,37,57,"CO, Colombia",2019-05-31-04-07,2019-05-31-04-43,36
s.9933157f-71a4-42ee-a7a1-22b6ef2a73dc.txt,Colombia ,Español,42,2,,,,,,,,,,,,,,,,,,,,,,,,,,,,,,,,,,,,,,,,,,,,,,,,,,,,,,,,,,,,,,,,,,,,,,,,,,,,,,,,,,,,,,,,,,,,,,,,,,,,,,,,,,,,,,,,,,,,,,,,,,,,,,,,,,,,,,,,,,,,,,,,,,,,,,,,,,,,,,,,,,,,,,,,,,,,,,,,,,,,,,,,,,,,,,,,,,,,,,,,,,,,,,,,,,,,,,,,,,,,,,,,,,,,,,,,,,,,,,,,,,,,,,,,,,,,,,,,,,,,,,,,,,,,,,,,,,,,,,,,,,,,,,,,,,,,,,,,,,,,,,,,,,,,,,,,,,,,,,,,,,,,,,,,,,,,,,,,,,,,,,,,,,,,,,,,,,"CO, Colombia",2019-06-05-00-49,,
s.eafecf7a-a8d1-43c6-b7a3-4cee9aba3343.txt,Colombia,Español,33,1,5,5,5,1,1,1,5,1,1,5,1,1,1,1,5,5,5,1,1,1,5,1,1,5,1,1,1,1,1,4,1,1,1,1,4,1,1,1,1,1,1,1,1,4,4,1,,1,4,1,4,1,,,1,,1,,4,1,1,1,4,1,1,4,,4,1,1,1,2,,,,4,1,1,1,1,2,4,1,,1,1,1,4,,4,1,1,1,1,1,4,4,4,1,1,1,5,,,1,1,1,1,1,5,4,4,1,1,1,4,4,1,1,1,4,1,1,,1,1,1,5,4,1,1,1,5,1,4,1,1,1,1,1,1,1,4,2,1,,1,,1,1,1,1,1,1,4,,1,1,1,4,,1,1,1,1,,,,1,1,1,1,1,1,4,1,1,4,1,1,1,,,5,5,1,1,1,5,1,,,1,1,1,1,1,4,1,1,1,4,1,1,1,1,1,,1,1,1,4,1,,1,,1,1,1,,1,,1,1,1,1,1,4,5,1,1,1,,1,,4,1,,1,,1,1,,1,4,1,4,1,1,1,1,1,4,4,4,1,1,1,5,1,1,4,1,1,1,1,1,4,4,1,1,1,4,1,1,1,1,1,,1,1,,1,1,,1,4,1,4,1,1,,1,1,1,1,1,1,,1,1,1,,1,4,4,1,1,5,1,1,1,6,6,7,5,7,1,,,,,,,,,,,,,,,,,,,,,,,,,,,,,,,,,,,,"CO, Colombia",2019-05-23-21-25,,
s.6abf17f1-21cc-4065-8b93-b2b97b7f3de9.txt,España,castellano,33,1,4,1,2,5,2,5,2,4,1,5,,5,1,1,2,,4,,2,5,2,,2,5,2,,1,,1,,1,2,4,,,1,4,2,1,,1,5,,4,,1,2,2,4,1,2,1,1,,1,5,1,1,1,4,,,2,4,2,4,4,,1,,4,4,2,4,1,,,1,4,1,1,4,1,5,1,1,1,5,1,2,1,2,1,1,1,4,5,5,1,1,1,5,,5,1,4,1,1,,5,5,5,1,2,1,4,4,,,1,4,1,2,4,1,5,1,4,1,2,4,,4,1,5,1,1,4,1,5,2,2,2,4,2,,2,2,2,2,1,,1,4,1,1,1,4,,4,1,1,,1,1,,1,4,1,4,1,1,4,2,,1,2,2,2,,1,5,1,5,1,1,4,4,5,1,5,1,,,1,5,1,1,1,4,2,2,1,1,1,1,1,,2,,4,2,2,4,1,2,1,1,1,4,1,,2,4,1,1,1,,4,2,2,2,4,1,,,1,5,1,1,1,,4,1,1,1,4,1,1,,4,5,2,2,1,4,1,5,1,,2,4,2,4,1,5,1,1,1,2,2,1,1,1,1,1,1,2,1,4,1,,1,4,2,4,2,1,4,1,2,,1,4,1,1,1,2,4,2,2,1,,1,4,4,1,4,5,6,4,6,7,7,6,7,7,2,7,6,7,4,6,6,5,7,6,7,5,7,6,7,6,7,1,7,3,1,7,1,3,5,1,1,2,7,7,53,61,13,29,39,79,"ES, Spain",2019-05-29-16-43,2019-05-29-17-09,26
s.3ce19f8b-3fba-4291-bcaa-c64dca6e1d2d.txt,Chile,Español,24,1,5,4,2,,,5,1,,4,4,,4,1,1,,,,4,4,5,1,1,4,,5,5,1,,2,4,,2,2,,,,4,,,2,1,2,1,,,4,4,2,4,,4,1,2,,1,,1,,1,4,2,4,1,4,5,,4,5,1,,2,4,,,,4,4,4,4,4,4,4,1,,1,1,1,5,4,5,1,5,5,1,4,5,5,,1,1,1,5,4,4,2,5,1,1,,5,5,5,1,,,2,4,2,4,1,4,1,,4,1,1,1,4,1,2,,,4,1,4,,,4,1,5,1,1,1,,4,,2,2,,1,1,,1,1,1,1,1,5,2,5,2,,,1,1,,1,1,1,4,,1,1,1,5,1,2,5,1,1,1,1,1,5,4,1,2,2,5,2,1,,,1,1,5,2,2,1,4,,4,1,4,4,1,4,5,5,4,2,4,2,,2,1,4,1,2,4,1,2,1,1,1,1,1,4,5,4,1,4,4,1,4,4,1,4,1,1,1,4,,2,2,2,4,1,,,1,4,4,4,1,5,2,5,1,4,1,,4,4,1,2,1,4,2,1,2,,4,1,1,4,,5,1,1,1,4,2,4,5,4,1,4,4,1,4,4,1,1,1,1,1,5,5,4,1,,4,1,,4,1,,6,6,5,4,7,7,7,7,7,7,6,7,7,6,4,7,7,7,6,6,1,7,5,7,6,7,7,6,5,5,7,3,4,2,6,5,5,7,2,45,60,36,41,39,101,"CL, Chile",2019-06-03-19-23,2019-06-03-19-45,22
s.03936acb-fa77-460c-bc05-1cffb3d4c50f.txt,España,Castellano,16,1,,,,,,,,,,,,,,,,,,,,,,,,,,,,,,,,,,,,,,,,,,,,,,,,,,,,,,,,,,,,,,,,,,,,,,,,,,,,,,,,,,,,,,,,,,,,,,,,,,,,,,,,,,,,,,,,,,,,,,,,,,,,,,,,,,,,,,,,,,,,,,,,,,,,,,,,,,,,,,,,,,,,,,,,,,,,,,,,,,,,,,,,,,,,,,,,,,,,,,,,,,,,,,,,,,,,,,,,,,,,,,,,,,,,,,,,,,,,,,,,,,,,,,,,,,,,,,,,,,,,,,,,,,,,,,,,,,,,,,,,,,,,,,,,,,,,,,,,,,,,,,,,,,,,,,,,,,,,,,,,,,,,,,,,,,,,,,,,,,,,,,,,,,,,,,,,,,"ES, Spain",2019-06-11-12-56,,
s.b6a60421-cb2e-449e-90de-06beb07e6d8a.txt,Colombia,espanol,29,1,5,5,5,1,1,1,5,,1,5,1,1,1,1,5,4,1,1,1,4,,1,1,5,1,1,1,1,1,5,1,1,,1,5,4,5,1,1,4,1,5,4,4,4,1,,2,5,,5,1,4,,1,,4,1,1,2,1,5,,5,5,1,5,5,1,,4,4,1,1,1,1,1,5,1,,1,1,1,,1,1,1,5,,1,1,1,1,1,1,1,1,4,1,1,1,5,5,1,1,5,1,1,1,4,5,4,1,1,2,,4,,5,2,5,1,1,1,1,4,1,1,1,4,,1,5,1,5,1,,5,1,5,,,1,4,5,2,1,1,1,1,1,2,1,,4,2,1,4,1,4,1,5,1,2,1,4,1,,1,4,,1,,2,5,1,4,1,5,4,1,,1,5,4,1,4,1,5,2,5,1,4,,1,5,1,1,1,5,5,,1,4,1,1,1,5,5,5,1,1,1,5,,4,1,,2,1,,,1,,1,2,1,,5,2,2,1,4,1,1,,1,,1,1,1,4,,1,1,1,5,1,1,1,1,5,5,,1,4,2,5,1,,1,4,1,,1,,2,2,1,2,1,1,4,,,5,4,1,1,,1,5,1,1,4,1,5,1,5,1,4,1,1,5,1,1,1,5,4,,,,1,1,1,,1,,7,7,7,5,7,7,7,7,7,7,6,6,7,6,7,7,6,6,6,6,7,7,5,7,3,6,7,6,3,3,7,7,7,6,6,6,4,7,4,61,57,43,34,40,107,"FR, France",2019-05-24-10-54,2019-05-24-11-19,25
s.449f0464-1d99-45a0-93cc-d4d9d8069479.txt,Colombia,Español,21,2,5,5,5,1,1,5,1,2,1,5,1,1,1,1,5,4,4,2,1,5,1,1,1,5,2,4,,,2,4,4,2,4,2,4,2,4,,4,2,2,4,2,5,4,1,4,1,5,1,5,2,4,2,2,4,2,,2,4,,2,2,,2,4,2,,2,,4,2,4,2,2,2,4,2,2,4,2,2,2,5,2,2,2,4,2,4,2,4,,2,2,4,4,4,2,2,2,5,2,5,1,4,,1,1,5,5,5,,,,2,4,2,,2,4,2,4,4,2,4,2,4,2,4,4,2,4,2,4,2,5,5,5,5,4,2,2,2,2,4,2,2,2,4,4,,2,2,4,4,2,,2,4,4,2,2,4,2,,2,,2,5,4,1,,1,5,1,1,4,2,2,2,4,2,4,4,2,4,2,4,2,2,2,2,,2,5,2,2,2,5,2,5,2,5,,2,2,4,4,2,4,4,2,2,2,4,4,2,2,5,2,2,2,,2,2,4,2,4,2,2,2,4,2,2,2,2,5,2,2,2,4,2,2,2,4,2,2,2,,2,5,4,2,,4,2,4,2,2,2,4,2,,2,2,4,4,4,2,2,2,2,1,1,5,1,2,2,2,2,4,,2,4,4,4,2,4,2,4,,2,4,4,5,2,2,2,4,2,1,1,,,4,1,,5,1,3,5,4,7,7,7,7,4,5,3,7,7,4,7,4,7,4,7,4,4,5,7,5,7,3,7,7,7,7,4,6,5,5,5,4,6,4,48,49,34,39,33,87,"CO, Colombia",2019-06-06-05-39,2019-06-06-06-24,45
s.6202a3c4-62dd-4a4b-97f5-8e946bbc8017.txt,Colombia,Español,62,1,5,5,4,1,1,4,1,1,1,5,1,1,1,1,2,,,2,1,5,1,1,1,4,2,,,,1,,1,2,,2,5,2,4,2,2,4,1,,,4,2,1,1,1,,1,2,4,2,1,1,1,2,4,2,,1,4,2,2,2,5,1,2,1,1,4,,,2,1,4,1,1,1,4,1,2,1,,1,1,1,,2,,1,4,1,4,1,,1,2,1,1,1,5,2,,1,4,2,2,,5,5,,1,1,1,1,1,2,5,,4,1,2,4,1,2,2,,2,2,1,2,4,,4,2,2,5,5,5,1,1,1,2,1,4,2,2,1,,,2,2,2,4,2,2,2,1,4,2,1,1,5,2,,,,,,2,1,2,2,1,1,1,2,1,2,2,2,2,1,1,1,2,2,5,2,,1,1,,1,,1,1,1,5,2,,1,4,1,2,1,4,4,4,4,2,1,2,1,2,,1,2,2,1,,1,2,1,1,1,1,,1,5,2,4,2,2,4,2,2,1,1,1,4,2,,2,2,4,2,2,4,1,4,4,2,2,2,1,,2,1,1,5,2,2,2,2,4,4,1,1,1,2,,1,1,2,1,1,,,2,2,2,2,1,2,4,2,,1,1,,1,,1,2,2,1,1,4,1,2,1,,1,2,1,,1,4,2,3,5,5,6,3,6,3,2,4,6,5,4,6,6,2,3,6,3,4,3,6,5,5,1,3,5,1,6,1,5,3,1,1,1,4,2,29,36,15,29,31,64,"US, United States",2019-05-23-22-22,2019-05-23-23-11,49
s.d0f17aff-57ec-4080-bb02-aec4955c6b22.txt,Colombia,Español,35,1,4,2,1,2,1,,1,4,1,5,1,,,1,,,1,,1,5,1,1,1,4,1,4,1,,2,,1,4,,2,2,,4,2,1,,1,5,1,2,1,,4,2,,,,1,1,,1,1,1,1,1,4,1,1,1,1,1,4,4,,1,,1,1,1,,1,4,2,4,,4,4,4,4,5,1,1,1,5,1,,1,4,1,1,1,,1,4,1,1,1,5,2,4,1,4,1,1,1,4,5,5,1,1,1,4,4,1,,2,5,1,,4,1,1,1,4,1,2,,1,4,2,5,,4,4,5,5,1,2,1,,1,,2,4,1,1,1,,1,,2,2,2,5,2,4,2,,4,1,1,4,1,4,2,4,,1,,,4,1,,1,4,,1,,1,,1,2,4,1,,,,1,4,,1,1,1,1,1,5,2,4,1,4,1,1,1,5,5,1,1,2,1,4,2,,1,4,1,1,1,,2,4,1,1,1,4,4,1,1,1,,1,1,,1,5,1,1,1,4,4,,1,2,4,2,,,1,5,,2,1,4,1,,1,,1,4,1,2,1,1,1,1,1,4,,2,1,1,2,2,,2,1,4,1,,1,4,4,2,2,2,4,2,4,2,1,5,2,2,2,4,2,2,2,1,,,4,4,1,5,6,6,5,5,7,6,7,7,7,7,7,7,6,6,7,5,1,7,6,6,7,7,6,7,4,7,7,5,6,5,7,7,7,5,7,7,5,7,3,56,60,46,35,37,106,"CO, Colombia",2019-05-23-20-22,2019-05-23-21-01,39
s.b8df7752-1df1-43d8-a6e2-6b6f719d2249.txt,Spain,Spanish,28,1,5,2,4,1,1,1,1,1,1,5,5,1,1,1,4,,4,1,1,,1,1,1,5,2,2,1,1,4,4,1,2,,4,2,2,2,1,2,4,1,5,1,2,4,1,4,,4,2,4,1,,4,1,5,,5,1,1,1,1,1,1,1,5,1,,1,1,2,1,2,2,1,1,4,,4,4,2,4,1,5,1,2,2,4,1,1,1,1,1,2,,2,5,5,1,1,1,5,,4,1,4,,1,,5,5,5,1,4,1,2,,1,,,4,1,1,2,1,5,1,4,1,2,5,,4,2,4,2,1,,4,5,4,2,1,4,2,2,,2,2,,,2,2,5,4,,2,2,2,2,2,2,2,4,2,4,4,5,1,4,4,2,4,1,5,2,4,1,1,,1,4,1,4,4,1,,1,5,2,4,,,,1,5,1,1,1,4,,,2,4,,2,,4,2,4,,2,1,4,2,5,2,4,,4,2,4,4,5,1,2,1,2,4,2,4,1,5,1,,,2,4,1,1,1,,,,2,,4,1,,4,5,4,5,2,2,,1,4,1,1,1,5,,2,1,,2,4,4,,2,4,4,1,,4,,4,1,5,1,4,4,4,4,4,2,4,4,1,,4,2,5,2,1,2,,2,2,2,4,4,1,1,4,1,5,6,6,3,3,5,5,5,5,7,3,3,4,5,1,5,6,2,5,4,5,4,5,5,6,3,3,1,7,4,3,7,5,3,3,4,3,2,7,4,46,40,19,23,35,65,"GB, United Kingdom",2019-05-27-15-42,2019-05-27-16-09,27
s.1087b3a5-1be0-4e73-8b6f-8e3fb9b583e8.txt,Colombia,Español,33,1,5,,5,1,1,5,,1,1,5,5,,1,1,4,,5,1,1,5,,2,1,5,4,2,1,1,1,4,1,4,4,5,4,4,5,4,4,,1,5,1,5,4,2,2,4,4,,4,5,5,,1,4,2,5,,4,2,4,4,5,5,,2,4,1,1,5,4,,1,1,5,5,1,4,,4,5,5,5,2,4,2,5,2,4,4,2,4,1,4,4,5,5,1,1,1,5,1,5,1,4,,5,4,5,5,5,1,4,1,4,5,4,5,,5,,4,2,1,5,2,5,2,,4,,5,1,5,,5,5,2,5,4,4,2,2,2,4,5,2,4,4,4,2,1,4,5,5,,2,2,4,2,5,,4,4,,1,4,4,5,5,1,,4,4,2,,4,5,1,1,5,,5,5,1,1,4,5,2,5,5,5,2,1,5,1,1,1,5,2,5,1,5,,,,4,,,1,1,1,5,,,1,4,2,,1,,1,4,1,1,1,4,5,5,1,4,5,1,5,5,1,5,1,4,4,4,2,5,2,5,2,4,,2,1,5,4,2,,1,1,5,2,,,4,4,5,4,4,5,5,5,1,1,4,5,2,5,4,5,2,1,4,,,4,1,2,,2,2,5,,4,1,1,4,4,4,,,2,5,4,,5,1,5,4,1,4,6,4,1,1,5,6,3,5,7,4,3,2,6,2,5,7,4,3,2,6,1,5,2,6,3,5,1,2,1,1,7,1,1,4,4,1,1,4,1,34,37,11,17,33,46,"CA, Canada",2019-06-13-01-54,2019-06-13-02-29,35
s.b503999d-4fe8-431b-b665-17be88945f2d.txt,España,Catalan,26,1,,,,,,,,,,,,,,,,,,,,,,,,,,,,,,,,,,,,,,,,,,,,,,,,,,,,,,,,,,,,,,,,,,,,,,,,,,,,,,,,,,,,,,,,,,,,,,,,,,,,,,,,,,,,,,,,,,,,,,,,,,,,,,,1,4,2,2,2,2,4,2,5,2,2,4,1,5,,,,,,,,,,,,,,,,,,,,,,,,,,,,,,,,,,,,,,,,,,,1,1,1,1,,1,5,,5,1,1,2,1,5,,,,,,,,,,,,,,,2,1,2,2,2,5,1,,,4,2,4,1,2,,,,,,,,,,,,,,,,,,,,,,,,,,,,,,,,,,,,,,,,,,,,,,,,,,,,,,,,,,,,,,,,,,,,,,,,,,,,,,,,,,,,,,,,,,,,,,,,,,,,,,,,,,,,,,,,,,,,,,,,,,,,,,,,,,"US, United States",2019-05-24-04-58,,
s.eb7dd3e4-a5e8-4276-b044-f57430fb75eb.txt,España,Español,53,1,4,2,2,2,1,5,2,1,2,4,2,2,2,1,4,2,2,2,2,5,2,2,2,4,4,5,1,1,,,,,,,,,,,,,,,2,4,2,2,4,1,2,,5,2,4,4,4,4,,,,,,,,,,,,,,,,,,,,,,,,,,,,,,,,,,,,,,,,,,,1,2,2,4,2,2,2,,2,2,2,1,1,4,,,,,,,,,,,,,,,2,,1,2,,1,4,1,4,2,2,1,5,5,,,,,,,,,,,,,,,,4,2,2,2,4,2,2,4,4,2,4,1,1,1,2,1,2,4,2,,2,4,2,4,4,1,4,2,4,2,2,4,2,4,4,2,4,2,1,1,1,,,,,,,,,,,,,,,1,4,2,2,2,4,2,,2,4,2,1,1,1,,,,,,,,,,,,,,,,,,,,,,,,,,,,,4,2,2,2,1,4,4,2,2,4,2,2,2,1,,,,,,,,,,,,,,,1,2,2,4,2,2,2,1,,2,4,1,2,2,,,,,,,,,,,,,,,,,,,,,,,,,,,,,,,,,,,,,,,,,,,,,,,,,,,,,,,,,,,,"ES, Spain",2019-06-05-11-14,,
s.043d519f-8745-4328-b55b-871d86270b50.txt,Colombia,Español,43,2,,,,,,,,,,,,,,,,,,,,,,,,,,,,,,,,,,,,,,,,,,,,,,,,,,,,,,,,,,,,,,,,,,,,,,,,,,,,,,,,,,,,,,,,,,,,,,,,,,,,,,,,,,,,,,,,,,,,,,,,,,,,,,,,,,,,,,,,,,,,,,,,,,,,,,,,,,,,,,,,,,,,,,,,,,,,,,,,,,,,,,,,,,,,,,,,,,,,,,,,,,,,,,,,,,,1,1,1,4,,,2,2,2,1,1,,2,2,,,,,,,,,,,,,,,,,,,,,,,,,,,,,,,,,,,,,,,,,,,,,,,,,,,,,,,,,,,,,,,,,,,,,,,,,,,,,,,,,,,,,,,,,,,,,,,,,,,,,,,,,,,,,,,,,,,,,,,,,,,,,,,,,,"CO, Colombia",2019-05-24-04-46,,
s.e97bba11-987c-4b10-a6fe-772c21519e70.txt,Colombia,Español,54,2,,4,5,1,1,1,2,1,1,5,1,1,1,1,,,,2,1,5,1,2,1,4,1,1,1,1,2,2,2,4,2,2,2,2,,,,2,2,4,4,4,5,1,4,2,4,2,2,2,1,1,1,4,,,,1,1,,1,,1,5,1,1,1,1,1,2,2,4,2,5,2,2,,,,4,4,5,1,1,1,5,,5,1,5,2,1,4,5,5,5,1,1,1,5,2,5,1,2,2,2,4,5,5,5,1,1,2,4,2,5,,2,4,2,4,5,,5,1,1,1,,4,,2,4,5,1,4,5,5,5,1,1,1,5,1,4,1,,4,2,1,4,1,,2,4,2,2,1,4,1,1,1,5,1,1,1,4,1,5,,2,4,,4,,2,2,4,4,1,2,2,,2,2,2,,2,2,2,2,4,4,1,5,1,1,1,5,2,5,1,1,,1,,5,5,5,1,1,1,5,2,5,1,5,2,1,4,5,5,5,1,1,1,5,4,2,1,1,4,,4,5,4,5,1,1,1,4,,4,2,4,4,2,,5,5,5,1,1,1,4,1,,2,1,1,,1,1,1,1,2,2,2,4,2,4,2,2,2,2,,2,1,4,,,,,,,,,,,,,,,2,,1,2,1,5,1,,,4,2,1,1,,,,,,,,,,,,,,,,,,,,,,,,,,,,,,,,,,,,,,,,,,,,,,,"CO, Colombia",2019-06-04-22-50,,
s.2885565a-6e3a-4ab8-ae5e-ef221c53ec2d.txt,Colombia,Español,54,2,5,1,1,1,1,1,1,1,1,5,1,1,1,1,1,1,1,4,1,5,1,1,1,1,1,4,4,1,1,1,1,,,,,,4,,1,,2,4,1,4,1,1,1,1,5,1,1,1,1,1,1,5,4,,5,1,1,4,1,5,1,5,1,1,1,1,5,,4,1,1,4,1,1,1,5,1,1,1,4,1,1,1,5,1,1,1,1,5,1,1,5,5,5,1,1,1,5,1,5,1,1,5,1,1,5,5,5,1,1,1,5,4,1,1,1,5,1,1,2,2,4,1,1,1,5,5,4,2,4,5,1,4,5,5,5,1,1,1,5,1,4,1,1,1,1,1,4,4,4,5,4,4,1,1,4,1,1,1,5,1,1,1,4,1,1,1,1,4,1,1,1,4,1,5,5,4,4,1,5,1,1,4,2,5,4,4,1,,5,1,1,1,1,1,5,1,5,1,5,1,4,1,5,5,5,5,4,4,2,2,4,1,1,2,2,1,1,1,5,1,1,1,5,5,1,1,,5,1,4,5,2,5,1,5,4,2,2,2,,4,,,1,1,1,5,5,4,4,1,1,4,1,4,1,5,1,1,1,4,1,1,1,1,1,4,1,1,1,4,1,2,1,,1,,1,1,5,1,5,1,5,1,4,5,5,5,1,1,1,5,2,5,1,5,1,2,1,5,2,5,4,6,4,4,6,7,5,5,7,4,5,5,7,4,5,7,4,6,5,7,1,7,5,4,5,5,2,4,3,3,7,1,1,2,1,1,1,2,1,31,53,11,28,39,66,"CO, Colombia",2019-06-04-04-16,2019-06-04-05-00,44
s.de798535-946c-4928-8f1f-939c31c9eaf2.txt,Colombia,Español,28,,,,,,,,,,,,,,,,,,,,,,,,,,,,,,,,,,,,,,,,,,,,,,,,,,,,,,,,,,,,,,,,,,,,,,,,,,,,,,,,,,,,,,,,,,,,,,,,,,,,,,,,,,,,,,,,,,,,,,,,,,,,,,,,,,,,,,,,,,,,,,,,,,,,,,,,,,,,,,,,,,,,,,,,,,,,,,,,,,,,,,,,,,,,,,,,,,,,,,,,,,,,,,,,,,,,,,,,,,,,,,,,,,,,,,,,,,,,,,,,,,,,,,,,,,,,,,,,,,,,,,,,,,,,,,,,,,,,,,,,,,,,,,,,,,,,,,,,,,,,,,,,,,,,,,,,,,,,,,,,,,,,,,,,,,,,,,,,,,,,,,,,,,,,,,,,,,,"DE, Germany",2019-05-31-12-43,,
s.2383a4a2-abd2-454b-a091-8b20b70da125.txt,España,Castellano y Catalán,25,1,5,,,1,1,5,4,,1,4,2,2,1,1,4,4,1,,1,,1,,1,5,1,1,1,1,1,1,1,4,5,,1,,4,1,2,4,1,4,1,1,1,4,5,1,2,,5,1,,,1,,4,,,1,1,,2,,1,4,1,1,1,1,1,1,1,5,,4,1,,1,2,1,4,1,,1,1,1,5,2,4,1,4,1,2,,5,5,4,1,1,1,4,,2,1,,,1,2,4,4,4,1,1,1,4,4,,,,4,1,,4,1,4,1,1,1,,4,1,2,1,,1,2,2,1,5,1,1,1,4,4,1,1,,4,1,1,,1,,1,1,1,5,,4,1,4,,1,1,5,1,,1,1,2,,,2,,1,1,2,1,2,1,2,1,,1,1,5,1,4,2,4,1,1,,1,,1,1,1,5,2,4,1,1,,1,,4,1,,2,1,1,4,2,,1,,1,1,1,4,2,2,1,1,1,4,5,,1,,5,1,,4,1,,1,1,1,,,,1,1,,1,1,2,1,5,2,1,1,4,1,5,1,,1,,1,,1,2,,1,1,,1,,1,,1,,1,2,1,1,1,1,1,4,5,4,1,,,1,,,1,2,1,2,2,4,4,2,2,2,4,1,1,,1,2,5,3,4,1,4,7,6,4,7,2,7,7,4,1,6,7,3,7,6,5,1,7,2,7,1,6,1,5,7,6,7,3,3,2,4,4,2,7,3,41,51,18,26,35,67,"ES, Spain",2019-05-29-11-52,2019-05-29-12-22,30
s.acb8d838-939e-4d08-89aa-42868deebe08.txt,Catalunya,Català,57,2,5,5,1,1,1,1,1,1,1,5,1,1,1,1,2,2,1,1,1,2,2,2,2,4,2,1,1,1,1,2,1,2,2,2,2,2,2,2,2,,1,1,1,1,1,,,1,2,2,,2,,4,1,1,4,4,2,1,1,2,2,2,2,4,2,1,1,1,5,5,1,1,1,,2,2,2,4,4,1,1,1,1,1,1,,,2,2,2,,,2,,5,1,1,1,1,5,,4,2,2,2,2,,5,5,1,1,1,1,4,2,1,2,2,4,2,2,4,1,1,1,2,1,2,,2,2,2,,2,2,4,1,5,1,1,1,,2,,2,2,2,,2,,1,1,5,5,1,1,1,1,1,1,1,5,1,1,1,1,1,1,1,2,,1,2,1,,2,,,1,1,1,2,1,1,,2,,2,,2,2,,1,1,1,1,1,5,2,4,2,2,,1,,1,1,1,1,1,1,,2,2,2,2,2,,1,1,1,1,1,1,1,,,,2,2,4,2,4,1,1,1,1,1,1,,2,1,2,2,,2,2,2,1,1,5,5,2,2,2,2,2,2,1,5,1,1,1,1,2,2,1,1,1,1,2,2,2,,2,2,1,1,1,1,1,,2,2,2,2,,2,2,,1,1,1,1,1,,,,2,2,2,1,1,,2,1,7,3,3,6,6,6,7,4,7,7,7,6,6,4,6,7,7,6,5,7,7,7,7,7,4,6,4,5,7,6,7,5,3,7,4,4,1,3,2,49,57,25,44,36,96,"ES, Spain",2019-05-28-12-26,2019-05-28-12-59,33
s.06a27c12-af4f-4374-b4be-996fdab38323.txt,USA,ESPANOL,65,1,,,,,,,,,,,,,,,,,,,,,,,,,,,,,,,,,,,,,,,,,,,,,,,,,,,,,,,,,,,,,,,,,,,,,,,,,,,,,,,,,,,,,,,,,,,,,,,,,,,,,,,,,,,,,,,,,,,,,,,,,,,,,,,,,,,,,,,,,,,,,,,,,,,,,,,,,,,,,,,,,,,,,,,,,,,,,,,,,,,,,,,,,,,,,,,,,,,,,,,,,,,,,,,,,,,,,,,,,,,,,,,,,,,,,,,,,,,,,,,,,,,,,,,,,,,,,,,,,,,,,,,,,,,,,,,,,,,,,,,,,,,,,,,,,,,,,,,,,,,,,,,,,,,,,,,,,,,,,,,,,,,,,,,,,,,,,,,,,,,,,,,,,,,,,,,,,,"US, United States",2019-05-24-01-51,,
s.1654fae2-ec96-4fe6-99d5-8a59ec371ce1.txt,Colombia,Español,62,2,,,,,,,,,,,,,,,,,,,,,,,,,,,,,,,,,,,,,,,,,,,,,,,,,,,,,,,,,,,,,,,,,,,,,,,,,,,,,,,,,,,,,,,,,,,,,,,,,,,,,,,,,,,,,,,,,,,,,,,,,,,,,,,,,,,,,,,,,,,,,,,,,,,,,,,,,,,,,,,,,,,,,,,,,,,,,,,,,,,,,,,,,,,,,,,,,,,,,,,,,,,,,,,,,,,,,,,,,,,,,,,,,,,,,,,,,,,,,,,,,,,,,,,,,,,,,,,,,,,,,,,,,,,,,,,,,,,,,,,,,,,,,,,,,,,,,,,,,,,,,,,,,,,,,,,,,,,,,,,,,,,,,,,,,,,,,,,,,,,,,,,,,,,,,,,,,,"CO, Colombia",2019-05-27-13-39,,
s.8194bfb5-8fed-47cc-a0c2-a9b15ebdf060.txt,Argentina,Español,61,2,1,5,5,1,1,5,1,1,1,1,1,1,1,1,4,1,1,1,1,4,1,1,4,4,1,1,1,1,1,1,1,4,1,1,1,1,4,1,1,4,1,1,1,1,1,1,4,1,1,1,4,1,4,4,1,1,1,1,1,1,1,4,4,1,4,4,1,1,1,1,1,1,1,4,1,4,1,1,1,1,1,,1,1,1,1,1,4,1,1,1,1,1,1,1,1,1,1,1,1,1,5,1,4,1,1,4,1,1,4,4,4,1,1,1,4,1,1,1,1,4,1,1,1,1,4,1,5,1,1,1,1,5,1,1,5,1,1,1,5,1,1,1,4,1,1,1,1,1,1,1,1,1,1,1,1,1,4,1,4,1,1,1,1,1,1,1,1,1,1,1,1,4,1,4,1,1,1,1,,1,1,1,5,1,1,1,1,5,1,1,1,1,1,1,1,1,1,1,4,1,4,1,1,1,1,1,4,1,4,1,1,1,4,1,1,1,1,1,4,1,1,1,4,1,1,1,4,1,1,1,1,4,1,1,1,4,4,1,4,1,4,1,1,1,1,1,1,1,1,1,4,4,1,1,1,1,4,1,1,1,4,1,1,1,1,1,4,1,1,1,1,4,1,4,1,1,1,1,1,1,4,1,1,1,1,,1,,1,1,1,1,4,1,1,1,1,1,1,1,1,4,1,1,1,1,1,2,1,1,4,5,6,5,5,1,4,5,5,5,1,5,5,4,5,4,5,3,5,5,4,3,5,1,5,3,1,7,1,1,1,1,1,1,3,1,29,46,7,24,23,54,"CO, Colombia",2019-05-23-17-50,2019-05-23-18-27,37
s.81f74638-f967-4cc7-b20a-fd38cf3771a9.txt,Colombia,Español,28,1,4,5,5,1,1,,,1,1,5,1,1,5,1,4,,,,2,5,,,,4,4,1,1,5,,,2,2,2,,4,,4,1,2,4,1,,1,2,1,,4,,,4,4,4,4,,4,4,,,,,,,,,,,,,,,4,4,1,,2,,2,,4,,,1,1,5,1,1,1,5,,5,,4,2,2,1,4,5,4,,,,,,,,,,,,,,,1,1,1,4,5,5,2,,4,2,5,1,1,4,1,4,1,1,2,2,4,,4,,5,,5,5,2,2,2,4,,5,2,4,,1,4,1,1,,,,,,,,,,,,,,,,,,,,,,,,,,,,,,1,4,1,1,4,2,5,1,5,1,,1,1,5,,,,,,,,,,,,,,,,,,,,,,,,,,,,,,,,,,,,,,,,,,,,,,,,,,,,,,,,,2,,,,1,5,1,,2,4,,1,1,2,2,4,4,1,1,5,,1,1,4,,1,1,5,,,,,,,,,,,,,,,,,,,,,,,,,,,,,,,,,,,,,,,,,,,,,,,,,,,,,,,,,,,,,,,,,,,,,,,,,,"DE, Germany",2019-05-31-12-44,,
s.cc2b6ce6-a82d-4bba-a45f-e575631d0a2f.txt,Colombia,Español,34,2,5,2,2,,2,5,1,1,,5,1,2,5,1,,,,,,,,,,,,,,,,,,,,,,,,,,,,,,,,,,,,,,,,,,,,,,,,,,,,,,,,,,,,,,,,,,,,,,,,,,,,,,,,,,,,,,,,,,,,,,,,,,,,,,,,,,,,,,,,,,,,,,,,,,,,,,,,,,,,,,,,,,,,,,,,,,,,,,,,,,,,,,,,,,,,,,,,,,,,,,,,,,,,,,,,,,,,,,,,,,,,,,,,,,,,,,,,,,,,,,,,,,,,,,,,,,,,,,,,,,,,,,,,,,,,,,,,,,,,,,,,,,,,,,,,,,,1,1,,,4,1,,2,4,1,1,2,5,2,,,,,,,,,,,,,,,,,,,,,,,,,,,,,,,,,,,,,,,,,,,,,,,,,,,,,,,,,,,,"CO, Colombia",2019-05-31-04-00,,
s.9ab564ae-dee7-4121-9bbf-98837542eb51.txt,Colombia,Español,32,2,,,,,,,,,,,,,,,,,,,,,,,,,,,,,1,1,1,1,,1,1,1,5,1,1,2,1,5,,,,,,,,,,,,,,,,,,,,,,,,,,,,,1,1,1,1,1,5,1,1,1,1,1,4,1,5,1,1,1,5,1,1,1,1,1,1,1,4,5,5,,,,,,,,,,,,,,,1,1,1,1,1,1,1,,5,1,1,4,1,5,1,1,1,1,1,1,1,1,5,1,,2,1,5,,,,,,,,,,,,,,,,,,,,,,,,,,,,,,,,,,,,,,,,,,,,,,,,,,,,,,,,,1,1,1,1,1,1,1,4,2,1,1,5,1,5,1,1,1,1,1,5,1,1,1,1,1,,5,5,,,,,,,,,,,,,,,,,,,,,,,,,,,,,1,1,1,1,1,5,1,1,1,1,,2,1,5,,,,,,,,,,,,,,,,,,,,,,,,,,,,,1,1,1,1,4,1,1,1,1,1,1,,1,5,,,,,,,,,,,,,,,,,,,,,,,,,,,,,,,,,,,,,,,,,,,,,,"ES, Spain",2019-06-05-00-00,,
